date,strategy_return,benchmark_return
2020-01-02,0.0,0.0
2020-01-03,0.0,-0.0075721654387679305
2020-01-06,0.0,0.0038149703056826745
2020-01-07,0.0,-0.0028116124487220784
2020-01-08,0.0,0.005329520693777567
2020-01-09,0.0,0.006780491781456677
2020-01-10,0.0,-0.0028776420963902982
2020-01-13,0.0,0.006877200166973019
2020-01-14,0.0,-0.001524282553044154
2020-01-15,0.0,0.0022595988731453076
2020-01-16,0.006230245585382823,0.008318509880596014
2020-01-17,0.0022064447366400074,0.003112663317192954
2020-01-21,-0.005573246887050388,-0.001958465365178408
2020-01-22,-0.00427530168328296,0.00012096422126939288
2020-01-23,0.007230544712717952,0.0011467476230677676
2020-01-24,-0.006504186612051963,-0.008893086156143593
2020-01-27,-0.016864170424303222,-0.01602945685611934
2020-01-28,0.008039606942399899,0.01047905446543762
2020-01-29,0.0043728260603400635,-0.0008257058981435694
2020-01-30,0.004879137737664121,0.003245383086101894
2020-01-31,-0.017383349414974054,-0.018158000834954002
2020-02-03,0.011870160159483932,0.007428368596682056
2020-02-04,0.010000573386196305,0.015241558466241978
2020-02-05,0.027643194023942413,0.011547847426664148
2020-02-06,0.005992309014353959,0.0033650892509056174
2020-02-07,-0.0010396092140221179,-0.0053298367807657065
2020-02-10,-0.0009531924615947857,0.007465251252422256
2020-02-11,-0.006039957546870896,0.0017331161227815972
2020-02-12,0.00013081063258790944,0.006442728363044159
2020-02-13,0.0014012524978214247,-0.0010668480731743646
2020-02-14,-0.002233613842621559,0.0016020805094871804
2020-02-18,-0.00581544512336511,-0.002577039712651996
2020-02-19,0.007009962702716377,0.004781123911614893
2020-02-20,-0.001976075702063875,-0.004108150556454748
2020-02-21,-0.015386786636989225,-0.010298533978892466
2020-02-24,-0.04077279267427937,-0.03316496665211266
2020-02-25,-0.04243163835613242,-0.030302511106140684
2020-02-26,-0.014625272512354955,-0.0036781315759799593
2020-02-27,-0.03710573804907767,-0.04491165121055918
2020-02-28,0.0007409669587391831,-0.004201783276524429
2020-03-02,0.04381970658856358,0.043307018542101616
2020-03-03,-0.01711545513205782,-0.028632572322594196
2020-03-04,0.04107935823492924,0.04203286235405934
2020-03-05,-0.024286513493543847,-0.03324180204629146
2020-03-06,-0.02366671506140293,-0.016530967475917535
2020-03-09,-0.06724363674410577,-0.07809418696093628
2020-03-10,0.036009581570550515,0.05174445698005603
2020-03-11,-0.048254896619932305,-0.04874795698525314
2020-03-12,-0.10391875011663201,-0.09567748698255107
2020-03-13,0.07776459588426077,0.08548628573626171
2020-03-16,-0.11323469641957315,-0.10942371795832029
2020-03-17,-0.06374689718604563,0.05399211334450027
2020-03-18,-0.18210595745577943,-0.050633048857938845
2020-03-19,0.03637691228389224,0.002125136857823229
2020-03-20,0.03787542057067208,-0.04309400702018529
2020-03-23,0.040775313991544625,-0.025568440321649066
2020-03-24,0.19636513105712616,0.09060335879845538
2020-03-25,0.1072486647366156,0.014970077093628076
2020-03-26,0.013739348416591185,0.05838953469514041
2020-03-27,-0.09174742472955892,-0.029785396639635198
2020-03-30,-0.050137882334919,0.03247565038740374
2020-03-31,-0.028282754258925465,-0.014905309269075406
2020-04-01,-0.08210758979375515,-0.04500505202823968
2020-04-02,-0.023991535816098655,0.02307554800251621
2020-04-03,-0.018890290881105047,-0.014454358459102257
2020-04-06,0.15171089767304113,0.06716635635267076
2020-04-07,0.026721565584334306,0.0010195998546533858
2020-04-08,0.0809375534976224,0.03356820858368437
2020-04-09,0.03707526922439612,0.015217283969061413
2020-04-13,-0.04274672866885712,-0.009129880583715111
2020-04-14,0.029710082108386666,0.02949264692698228
2020-04-15,-0.032472118893732256,-0.021248149249754156
2020-04-16,-0.011292729450698005,0.0048245051934341365
2020-04-17,0.0465062652542506,0.02701533999919259
2020-04-20,-0.022812705242749757,-0.017617949304793323
2020-04-21,-0.02223822169960437,-0.030363201706820497
2020-04-22,0.01818279788474003,0.022194551775950533
2020-04-23,0.024966774373961262,-7.179174241123132e-05
2020-04-24,0.00043314187669189676,0.01393855652577436
2020-04-27,0.019859169345784917,0.014418873546088395
2020-04-28,0.025469300765206433,-0.004598329425539838
2020-04-29,0.05188504036428602,0.026178155624014376
2020-04-30,-0.01246349606005098,-0.009310739003937862
2020-05-01,-0.04120244597598654,-0.026473573806422124
2020-05-04,-0.022020401698003615,0.0027585185753629116
2020-05-05,-0.00906818633808869,0.009239448879674095
2020-05-06,-0.019658658895671147,-0.006778950595466737
2020-05-07,0.028659448122616435,0.012066613326107811
2020-05-08,0.04276260380418718,0.016546411415384377
2020-05-11,-0.017217598990535495,0.0002052091950108803
2020-05-12,-0.022379852955327306,-0.019931818070612284
2020-05-13,-0.01781156709181707,-0.01768565596387428
2020-05-14,0.009456542822067917,0.011967529959307166
2020-05-15,-0.005486011607894765,0.004596852948009156
2020-05-18,0.041644706318431375,0.030459765304001296
2020-05-19,-0.0021555027974765892,-0.01027127053365584
2020-05-20,0.015209086756682528,0.01698830237358817
2020-05-21,-0.0033695331840121207,-0.006904450122395822
2020-05-22,0.0019752969061856192,0.001898986428410021
2020-05-26,0.01054357453917985,0.012320692199339733
2020-05-27,0.01623312876213866,0.014879058819234903
2020-05-28,0.0043797288926031895,-0.0018449785933137841
2020-05-29,-0.010612920529454001,0.0044559079340869
2020-06-01,0.013427088244725861,0.004041744348350029
2020-06-02,0.014354069588714088,0.008280250752829232
2020-06-03,0.034859693476057774,0.01330837812116159
2020-06-04,0.007894545112112728,-0.0026270807673804963
2020-06-05,0.03808725984490212,0.025629765573955465
2020-06-08,0.017677259355126172,0.012087533201839307
2020-06-09,-0.020124030962181932,-0.007456705855213852
2020-06-10,-0.00461730470745683,-0.005580046219549772
2020-06-11,-0.03985186101876054,-0.05764882436418606
2020-06-12,-0.001310448505725681,0.01197559374459889
2020-06-15,0.004928337825782381,0.009335456506711637
2020-06-16,0.030156931758389533,0.019247592059144614
2020-06-17,0.00027180296008933575,-0.004153823230716669
2020-06-18,-0.0003369902424472629,0.00038521484137632456
2020-06-19,0.006864975948976682,-0.005714933566686287
2020-06-22,0.008916318366682198,0.0064150797536526305
2020-06-23,0.002963148426656328,0.004603865309468436
2020-06-24,-0.016571490560058237,-0.02550872492800471
2020-06-25,0.012537025872300302,0.010720570874540147
2020-06-26,-0.01820260562082325,-0.023751575917978607
2020-06-29,0.005392149090996872,0.014697392876860782
2020-06-30,0.018020039513498964,0.012809740148070015
2020-07-01,0.0028156243588899443,0.007004555502658105
2020-07-02,0.008020311135398937,0.00550712354177918
2020-07-06,0.007746424571085601,0.01543735929890988
2020-07-07,0.001940802606839669,-0.010313913906548233
2020-07-08,0.00127361729711915,0.007648815803842135
2020-07-09,-0.026651744542473054,-0.005692988028458856
2020-07-10,0.0204836668357063,0.010210508329755674
2020-07-13,0.00045300438649594204,-0.00865881539800828
2020-07-14,0.002615523941324021,0.012958627059371564
2020-07-15,0.04518292599196842,0.009187551148745143
2020-07-16,-0.006083308775364648,-0.0032934485630198296
2020-07-17,0.010465588982208486,0.0028990762190319597
2020-07-20,-0.009917036441053064,0.008081361387558772
2020-07-21,0.01125541531577472,0.0021280604599276387
2020-07-22,0.013218806362379935,0.005691971989685962
2020-07-23,-0.003005652925635665,-0.01193197382916289
2020-07-24,0.0010141964451673008,-0.006440205516074715
2020-07-27,-0.014784681381765969,0.007292542983909467
2020-07-28,-0.0007630569660780945,-0.006342544785257975
2020-07-29,0.02327288392904557,0.012298756277605127
2020-07-30,-0.01897947212295582,-0.0035680395148706134
2020-07-31,-0.00484129390262055,0.007902222425896
2020-08-03,-0.0016580946988256633,0.006952335253108677
2020-08-04,0.010065831662059791,0.003862226168215077
2020-08-05,0.002402225754030233,0.006210906983583175
2020-08-06,0.008127170476755076,0.006684547471941471
2020-08-07,0.009924454911217783,0.0007180159763511273
2020-08-10,0.01283178901768571,0.0029889593623553257
2020-08-11,0.0034936568475013433,-0.008254814452576253
2020-08-12,0.012780933628056271,0.013942506936850618
2020-08-13,-0.013983421564446714,-0.0018077608209088325
2020-08-14,0.0012580660484303524,2.9613290759789024e-05
2020-08-17,0.0036756108741793944,0.0031765954499591853
2020-08-18,-0.00268227585074491,0.002160450997823471
2020-08-19,-0.011040075364435279,-0.004163626978243906
2020-08-20,-0.004909136422596031,0.0031134699831285584
2020-08-21,-0.006247194010516703,0.0035473752195680497
2020-08-24,0.0016245565985372674,0.01013331969325848
2020-08-25,0.0025386864215823732,0.0034991822678720474
2020-08-26,0.0022163087563494962,0.010025575043657087
2020-08-27,0.010992158702369545,0.002186500180055173
2020-08-28,0.010157997806103549,0.006459472891485962
2020-08-31,0.0014020551756625498,-0.0036224575543027937
2020-09-01,-0.005645192433245466,0.00941849788050586
2020-09-02,0.02276883291610731,0.014463960818925203
2020-09-03,-0.015194998800278732,-0.034414231649231075
2020-09-04,-0.003729420053084166,-0.008164896758190543
2020-09-08,-0.027577398629379624,-0.027323063540966697
2020-09-09,0.007496304980542129,0.01974766469556344
2020-09-10,-0.025105491869417955,-0.017363428030410133
2020-09-11,0.0077231131451848175,0.0005088511011559493
2020-09-14,0.013143546381777371,0.013171320512746831
2020-09-15,0.000283955540544876,0.005052507244547755
2020-09-16,0.018080766189496333,-0.003968769273347994
2020-09-17,0.002138095199732691,-0.008795131101490772
2020-09-18,-0.002564295638135478,-0.011512971259902582
2020-09-21,-0.003093704759770176,-0.011129385242514278
2020-09-22,0.0019985922187455065,0.010184415754319165
2020-09-23,-0.010695437298692483,-0.02319099784335321
2020-09-24,0.0013494217000126407,0.0026657459623278257
2020-09-25,0.01635111131248488,0.01616661988659951
2020-09-28,0.013855104320133788,0.01660944402079001
2020-09-29,-0.0013692663379492945,-0.005445894191826395
2020-09-30,0.007281343191325823,0.00758188819592287
2020-10-01,0.005468708043702633,0.006419798885659134
2020-10-02,-0.005016542917879703,-0.009494481905281349
2020-10-05,0.01662701515523552,0.017733040036866043
2020-10-06,-0.014084058374889578,-0.014215917852791748
2020-10-07,0.01933320168420424,0.017406888431479084
2020-10-08,0.007889483993400772,0.008862746852925873
2020-10-09,0.01652325226438957,0.008929767263818222
2020-10-12,0.012940398051983817,0.016087742046483333
2020-10-13,0.0031533227960947327,-0.006526229194688482
2020-10-14,-0.007286628364239419,-0.0062834670861992015
2020-10-15,-0.00026609173071120984,-0.0012357060419820876
2020-10-16,-0.016622318780858694,-0.0006041801936795821
2020-10-19,-0.01790777761801241,-0.015203543447961931
2020-10-20,0.011927379950544296,0.004005603560090387
2020-10-21,-0.007943032555228161,-0.001892826349619181
2020-10-22,0.02637496993954145,0.005485276196628641
2020-10-23,0.00354214248157771,0.0033953479997042013
2020-10-26,-0.03021071535128757,-0.01847997261604062
2020-10-27,-0.018744125355452532,-0.0034475696141620382
2020-10-28,-0.04289487932767178,-0.03417904440998065
2020-10-29,0.021140111940768203,0.010163669134168885
2020-10-30,0.015386841804573177,-0.010424798902366361
2020-11-02,0.011242024976823892,0.011208309474557643
2020-11-03,0.011861065000900832,0.017656133860953105
2020-11-04,-0.0035242908552241357,0.022349210627409022
2020-11-05,0.020949574787046954,0.019502533545214806
2020-11-06,-0.009882687619585143,-0.00022815238317464015
2020-11-09,0.15661607883012496,0.012565195211420521
2020-11-10,-0.02033568723987424,-0.0014661786107161845
2020-11-11,-0.01345619002002335,0.0074283587102959014
2020-11-12,-0.027253849895183126,-0.009700780324817138
2020-11-13,0.023395728701591144,0.01384446936558148
2020-11-16,0.025132822586160876,0.0124826408523111
2020-11-17,0.0016092293223698862,-0.0053785665901100455
2020-11-18,-0.015882982687504314,-0.012034618198698999
2020-11-19,0.004021101735689534,0.004210174864090588
2020-11-20,-0.020719370376725266,-0.006847837758949149
2020-11-23,0.018669365163721845,0.005994309808618148
2020-11-24,0.014453363597342757,0.016113831159987324
2020-11-25,-0.0002113001454440003,-0.001541629587438531
2020-11-27,0.0027683983996351492,0.002784951505439226
2020-11-30,0.005854451722378692,-0.00442712001498613
2020-12-01,0.002586364719268477,0.010937289899352276
2020-12-02,-0.009283858407303893,0.0021038068624141815
2020-12-03,-0.0034043733775158476,-0.0002725697714274222
2020-12-04,0.004662365943125191,0.008617767393279463
2020-12-07,0.005671071652767857,-0.0020553367585078863
2020-12-08,-0.0006020385599948427,0.0029264653699661025
2020-12-09,0.0035655393889311333,-0.008969022903558055
2020-12-10,-0.001979407693033673,-0.00032731816477260534
2020-12-11,0.0025254658268852566,-0.0011725391123875717
2020-12-14,-0.001591591966166202,-0.004476792099984306
2020-12-15,0.015908380006955408,0.01351910203807516
2020-12-16,-0.0012155672307448961,0.0015696247251972828
2020-12-17,0.010080184470028623,0.005591807586821984
2020-12-18,-0.004207024738407034,-0.0039929525699444746
2020-12-21,-0.003014011065302761,-0.003575409883058933
2020-12-22,0.000858368202282091,-0.0016852091492687293
2020-12-23,-0.006156945654686755,0.0008983503752613142
2020-12-24,0.006044607606794686,0.003890341181195911
2020-12-28,0.000946936034605729,0.008590709784783712
2020-12-29,-0.0032662510639902696,-0.001907484864637432
2020-12-30,0.005429977049133095,0.001426977303204069
2020-12-31,0.012119240140805409,0.005080692044946433
2021-01-04,-0.017569876942711386,-0.013614021639711149
2021-01-05,-0.0033035405595322432,0.006887370026880113
2021-01-06,0.029089036026854788,0.00597844428569827
2021-01-07,0.008252515935484091,0.014857463216633171
2021-01-08,0.0006379621283325648,0.005697605566522546
2021-01-11,-0.005937160693411941,-0.0067407216481515375
2021-01-12,-0.0012904709437032021,0.0002111576830630124
2021-01-13,-0.0037938127573405827,0.0026931888821053462
2021-01-14,0.004487637580788064,-0.003501918452817887
2021-01-15,-0.007136553406647001,-0.007293056767842199
2021-01-19,0.00865705950660775,0.007852181631038846
2021-01-20,0.0076043115864674,0.013838668904671003
2021-01-21,-0.0032242646095613317,0.0009117828282270146
2021-01-22,-0.003759420002253575,-0.003539712342667256
2021-01-25,0.0041229617562156635,0.003943885153927074
2021-01-26,-0.007303788452608272,-0.0015607545556565183
2021-01-27,-0.009660826213567654,-0.024440518332422556
2021-01-28,-0.017531950489199203,0.008600268434695746
2021-01-29,-0.01600293254866161,-0.020019679817412483
2021-02-01,0.001999561994191786,0.016645501623945957
2021-02-02,0.007882727421568177,0.014140308155270231
2021-02-03,-0.005335065046636774,0.0007864442169431829
2021-02-04,-0.0005625975206309517,0.011365560241153094
2021-02-05,0.004569584748294565,0.003935953126337655
2021-02-08,0.0020317967889748973,0.007221800303696568
2021-02-09,0.000388123644274342,-0.0006658061935882476
2021-02-10,0.0042150508228187234,-0.0004356604913707818
2021-02-11,-0.00818497085208798,0.0016151656046061724
2021-02-12,0.011439895521124201,0.0049398036090748665
2021-02-16,0.006550537579189279,-0.0008659334176303046
2021-02-17,0.0026834022117231864,0.0002293005178068963
2021-02-18,0.004797475851875998,-0.004256289325823448
2021-02-19,0.010841036781155524,-0.0017656971749013817
2021-02-22,-0.00829674305411769,-0.007691769040309437
2021-02-23,0.004152241462192304,0.0012145091296660304
2021-02-24,0.010668336550236496,0.011019186780809598
2021-02-25,-0.02770275647449046,-0.024095793248620878
2021-02-26,-0.005523347844782957,-0.005152435161308255
2021-03-01,0.013670556179278044,0.02424002471958886
2021-03-02,-0.0012330463995716729,-0.007803071116826099
2021-03-03,0.0030226773934108405,-0.013245677849687443
2021-03-04,-0.011021453563696649,-0.012374904795333763
2021-03-05,0.021931043011823033,0.01839648350712597
2021-03-08,0.009754442708433026,-0.0049786245467017265
2021-03-09,-0.00239765064565344,0.01427746343586933
2021-03-10,0.013978485354253119,0.006224505976632599
2021-03-11,-0.0034951677976158774,0.010139335614396394
2021-03-12,0.012265393715007794,0.001346698709048244
2021-03-15,0.014315413288444503,0.005963710972197278
2021-03-16,-0.0027151686057715987,-0.0012615499055910195
2021-03-17,-0.0003021020610377862,0.003410138585495215
2021-03-18,-0.008582768361271847,-0.014549916659889583
2021-03-19,0.004990064273013127,-0.001850252225839455
2021-03-22,0.01487443877332039,0.00798481997693723
2021-03-23,0.0009268981099170267,-0.007870500633999078
2021-03-24,-0.013667207048994712,-0.0050833806983763274
2021-03-25,0.00704505525132961,0.005625267921728794
2021-03-26,0.0175382000917818,0.016114878709484914
2021-03-29,0.0049566694865025036,-0.0005049749630369194
2021-03-30,-0.008515344928153151,-0.002653037373121392
2021-03-31,0.004979919836959935,0.004053339326354433
2021-04-01,0.008616000280206029,0.010799268532101669
2021-04-05,0.010385959687831396,0.014352935866075223
2021-04-06,8.284724201457466e-05,-0.0005905072711397397
2021-04-07,-0.005173168942691294,0.001157271475383581
2021-04-08,0.0023126517851792573,0.004746845514252751
2021-04-09,0.007942142928812115,0.007270101736678747
2021-04-12,-0.017338769733739063,0.00036469477531153593
2021-04-13,-0.0003812065163915357,0.002963606687055309
2021-04-14,0.002118889128106356,-0.0034152952350271493
2021-04-15,-0.006932202961204632,0.010742623766447856
2021-04-16,0.00230999991685258,0.0033422098679989354
2021-04-19,-0.006945737986422399,-0.004912884756082536
2021-04-20,-0.028909913867842266,-0.007321487941454596
2021-04-21,0.03571541930943567,0.009462127804056975
2021-04-22,-0.009034627047423704,-0.0091331391229037
2021-04-23,0.01620771304326644,0.010842431466030922
2021-04-26,0.017998610660628196,0.002087733381378243
2021-04-27,0.005469604081463318,-0.00021564148320862842
2021-04-28,0.02033375927806915,-0.0002875578391405842
2021-04-29,0.009744247453668173,0.0063729844853828155
2021-04-30,-0.016568002953255695,-0.006570562324185181
2021-05-03,0.03406290945213026,0.0021567610620552014
2021-05-04,-0.0027278042884086944,-0.006169268103919601
2021-05-05,0.02797408457916098,0.0003129122490801439
2021-05-06,0.004715670162149696,0.007985433724209567
2021-05-07,0.020575224812489423,0.007278048255793257
2021-05-10,0.007873980698345752,-0.009902463066955747
2021-05-11,-0.00888675759667333,-0.008924695034512653
2021-05-12,-0.016629984318545767,-0.021245436947044838
2021-05-13,0.007720949437104169,0.01201292318288849
2021-05-14,0.010386078007613538,0.015355083767051747
2021-05-17,-0.0016218221230708467,-0.002544397399077858
2021-05-18,-0.008930302567749238,-0.00861567187742307
2021-05-19,-0.0045005350368996075,-0.0026220428458914036
2021-05-20,0.008780565255126516,0.010758130549971545
2021-05-21,-0.0013119293156309705,-0.0008188132036232032
2021-05-24,0.011679737669337645,0.010194130914102262
2021-05-25,0.0015651401324629386,-0.0022185702804113916
2021-05-26,0.0012023766996776995,0.0019846106127872076
2021-05-27,0.0017001117099315214,0.0005249919132797043
2021-05-28,0.0029118388491331,0.001788614278256384
2021-06-01,-0.0047982115622388355,-0.0008806609980028801
2021-06-02,0.0015361216404232115,0.0015724896660225252
2021-06-03,-0.01063143410666385,-0.003711234631019744
2021-06-04,0.01384629320502766,0.009145830368881613
2021-06-07,-0.0018575915069758355,-0.0009702072876240919
2021-06-08,0.0071353584835404,0.0002130693942032913
2021-06-09,-0.009072903005252573,-0.0014920213743911948
2021-06-10,-0.004002004189912619,0.0046484695874156046
2021-06-11,0.011159165650170878,0.001652441988018838
2021-06-14,-0.008761849251570489,0.0022390215103100797
2021-06-15,0.006679448523813301,-0.0018340667597527283
2021-06-16,-0.004802096745990258,-0.005583464689982276
2021-06-17,-0.008693685861235596,-0.000331538637289297
2021-06-18,-0.008493869339164673,-0.013490380948713687
2021-06-21,0.01739690165698942,0.01431574981154582
2021-06-22,-0.000795833020420328,0.005346238973755524
2021-06-23,-0.0048286310305251864,-0.0012052639893157524
2021-06-24,0.007437689149628631,0.005915918043592594
2021-06-25,0.011858161357956956,0.0035519335966693877
2021-06-28,-0.004527738696569679,0.0020160196256524543
2021-06-29,-0.005341027537023041,0.0005380512781811841
2021-06-30,-0.0001365284063687748,0.0008415317725767313
2021-07-01,0.008933661329150541,0.005536716320273305
2021-07-02,0.004234960529242881,0.007643558909604886
2021-07-06,-0.004693318040052122,-0.0018215626004801644
2021-07-07,0.005353644988684859,0.0035340776632761806
2021-07-08,-0.019244702684158985,-0.008147973175232415
2021-07-09,0.02278232589187013,0.010674644633148933
2021-07-12,0.002309803252558829,0.0035820358406009056
2021-07-13,-0.008802070967415565,-0.0034089339439113964
2021-07-14,-0.0008676592751508634,0.0014920124785136046
2021-07-15,-0.00509815128994766,-0.003415348860708378
2021-07-16,-0.018813547189146643,-0.007843543706948286
2021-07-19,-0.021927682517879604,-0.014767970019555321
2021-07-20,0.01587847027548139,0.014330483084946666
2021-07-21,0.027570805599736826,0.00809634502875256
2021-07-22,-0.017783323528307915,0.0020939216311113285
2021-07-23,-0.012916894395618966,0.010287868049429827
2021-07-26,0.024456071407587474,0.002455099015548301
2021-07-27,-0.015947338212457172,-0.004557674097316333
2021-07-28,0.009538463298652242,-0.0004101118986671315
2021-07-29,0.0025862378020676804,0.004147594604213101
2021-07-30,-0.021297328481857815,-0.004856491563494658
2021-08-02,-0.005341618978159465,-0.002098095436871339
2021-08-03,0.006755229213132667,0.008135507776596107
2021-08-04,-0.028555746109800648,-0.004919081989461449
2021-08-05,0.010023406927994513,0.006332921036304784
2021-08-06,0.005790053374074083,0.0016524836555122935
2021-08-09,-0.004733661971968713,-0.0008134041446788975
2021-08-10,0.0018626296945797043,0.0012438826864202834
2021-08-11,0.01654648974630836,0.0024846747289637428
2021-08-12,-0.012120095048610573,0.002997013875527532
2021-08-13,0.0014976135362783738,0.0018199920070001152
2021-08-16,-0.0059264094450596485,0.0023543689569207604
2021-08-17,-0.00452856933104857,-0.006554950287791739
2021-08-18,-0.01379562176258433,-0.010945086979998297
2021-08-19,-0.017669216992320873,0.0015483649939254107
2021-08-20,0.007690399188796241,0.007957008547827105
2021-08-23,0.015395720840147216,0.008796735210426787
2021-08-24,0.017476630620089043,0.0015874107464728393
2021-08-25,-0.00040204814776675533,0.0020983238337313193
2021-08-26,-0.009099329682090294,-0.005903343756432644
2021-08-27,0.007896410194687724,0.008940928353089683
2021-08-30,0.00017470885622659351,0.004397597971651512
2021-08-31,0.010856811860250273,-0.0014815177430503867
2021-09-01,-0.00469398460113939,0.000531618463676109
2021-09-02,0.009231096332312859,0.0030765019040863706
2021-09-03,-0.005291240978659129,-0.0002427340456221394
2021-09-07,-0.012453558466046582,-0.0035755211923534924
2021-09-08,-0.006536942492024004,-0.0012181763806282664
2021-09-09,0.0010666221998529041,-0.004280295059321926
2021-09-10,-0.003325329055771895,-0.007884467515361093
2021-09-13,0.013444227155201742,0.0025590018148313742
2021-09-14,-0.005228291062795718,-0.005396379367677673
2021-09-15,0.020182822203513563,0.00835255560810877
2021-09-16,-0.0009950551871851523,-0.0015851407507733173
2021-09-17,-0.005025333070841275,-0.009741059158730692
2021-09-20,-0.011666056586804713,-0.016674119072535354
2021-09-21,-0.0007275627666206282,-0.0009446223490283678
2021-09-22,0.007427113389088115,0.009754714648644969
2021-09-23,0.013025224890389757,0.012150063049827686
2021-09-24,0.0006914405311443954,0.0016472163336529455
2021-09-27,0.0005209905305096723,-0.0028609693539004555
2021-09-28,-0.013823262777173743,-0.020151747308803647
2021-09-29,0.017895816657762735,0.0016829190247744652
2021-09-30,-0.018763478502960156,-0.012222355241749305
2021-10-01,0.007079004923047425,0.011884395048683105
2021-10-04,-3.464078825938469e-05,-0.0128960984683133
2021-10-05,0.007855510152979117,0.010404889997605915
2021-10-06,0.006104221676809947,0.004155981183780577
2021-10-07,0.004244145546080659,0.008645771894685295
2021-10-08,-0.001465685032110975,-0.0018237155137355021
2021-10-11,-0.0038709550479504905,-0.007239654461373646
2021-10-12,0.000848849576164931,-0.002461615318620991
2021-10-13,0.0057148499989140115,0.003597575905331274
2021-10-14,0.01588510405729053,0.01682059870411834
2021-10-15,0.006102703386092093,0.007615878622573513
2021-10-18,0.007154488460841345,0.0029605184396588324
2021-10-19,0.00569881050535336,0.00771483229239367
2021-10-20,0.004754729291327084,0.003927772665007767
2021-10-21,0.00925622621269403,0.002608366340793644
2021-10-22,0.005936286116861053,-0.0010362981323959186
2021-10-25,0.004509024582379302,0.0053629218611344065
2021-10-26,-0.0025986739777630846,0.0008998766322365626
2021-10-27,-0.009966123351160622,-0.004430236709968005
2021-10-28,0.0027281563140353297,0.009648957707073968
2021-10-29,-0.006146701565235444,0.00202904981213603
2021-11-01,0.011305844856222205,0.0017202644358200736
2021-11-02,0.004244424881945194,0.004042998057280922
2021-11-03,0.010159020454750724,0.006105292352625025
2021-11-04,-0.003854991572594886,0.004712601486710266
2021-11-05,0.02180695922117878,0.0034696168552568185
2021-11-08,0.004077017501844641,0.0008536896530715321
2021-11-09,-0.00273172278075971,-0.003305442670285208
2021-11-10,0.0009643407925060883,-0.008044665162052489
2021-11-11,-0.004841924758841804,0.000323357254234935
2021-11-12,0.0023743954065570247,0.007546891471651218
2021-11-15,0.004663614464922744,0.0003424245328649267
2021-11-16,-0.005904188709419224,0.003957771699122814
2021-11-17,-0.015210126086929125,-0.002429082181739317
2021-11-18,-0.0033294893370209504,0.003396258685492315
2021-11-19,-0.008913729257418467,-0.0017881061630350414
2021-11-22,-0.004449957242941097,-0.002815380547698032
2021-11-23,0.004704541656620959,0.0013261482379094414
2021-11-24,0.0057463292048873585,0.0026697783028721833
2021-11-26,-0.02604871762823718,-0.02230308160114325
2021-11-29,0.01934858785627753,0.012266478619664234
2021-11-30,-0.02612675645376185,-0.019457541304322534
2021-12-01,-0.026014210092144392,-0.0111072141521672
2021-12-02,0.017358531970831453,0.01531622427382584
2021-12-03,-0.0037070243989193717,-0.008701221074203791
2021-12-06,0.0013410850785499188,0.011843223563124283
2021-12-07,0.024211892807693175,0.020684940671075625
2021-12-08,0.00512169151382318,0.0026478577207404985
2021-12-09,-0.014683652396724743,-0.006751411520760087
2021-12-10,0.0008411511648233323,0.009413266148261767
2021-12-13,-0.026390249507624072,-0.008858154340527391
2021-12-14,-0.010875368820553864,-0.006880181308023481
2021-12-15,-0.005669300869284593,0.015625110852070856
2021-12-16,-0.01349092871055715,-0.008818529999704672
2021-12-17,0.020611832224971264,-0.01064296257675712
2021-12-20,-0.0028006113665020645,-0.010633253605912607
2021-12-21,0.05119010732818245,0.017758960122572276
2021-12-22,0.018052609626979466,0.009998891230092344
2021-12-23,0.007052597815089719,0.006221845210743648
2021-12-27,-0.008883166421789058,0.014152328300052641
2021-12-28,9.590892402414032e-05,-0.0008173348102943345
2021-12-29,0.0005442591897549983,0.0012793417993883782
2021-12-30,0.0038733883183208707,-0.002764561633340379
2021-12-31,-0.0027769474210327036,-0.0025203351491971393
2022-01-03,0.008147332192886578,0.005790159685380658
2022-01-04,-0.00214032827556011,-0.0003349905430010125
2022-01-05,-0.012050749116662679,-0.019202327653655593
2022-01-06,0.006467608146916593,-0.0009391938624100371
2022-01-07,0.004714800093773231,-0.003953687200421108
2022-01-10,0.011580410592889013,-0.0012442153207858908
2022-01-11,0.00700360930709817,0.009108091252727712
2022-01-12,-0.0025026935479879925,0.002703518551097517
2022-01-13,-0.011105021247938341,-0.013778409012660586
2022-01-14,-0.01638128888047985,0.00040893964261723426
2022-01-18,-0.027806692747402856,-0.017709612274034003
2022-01-19,-0.010815951577016964,-0.010383589744755728
2022-01-20,-0.01643117852368347,-0.01106784052005505
2022-01-21,-0.02172010848339915,-0.019630882776259795
2022-01-24,0.016031522523414478,0.004246725832662834
2022-01-25,-0.034989330125970344,-0.012208835791505224
2022-01-26,-0.015614118836467746,-0.0025088096117560355
2022-01-27,0.0058287753626493,-0.004938112132856887
2022-01-28,0.026001740159522935,0.024835428022520478
2022-01-31,0.04536010479907764,0.01801130731946321
2022-02-01,0.014631213014235058,0.006756805465884197
2022-02-02,-0.006198358427905833,0.009714098557489281
2022-02-03,-0.016425166606013855,-0.023504944637743885
2022-02-04,0.012718640898605638,0.00470210113025149
2022-02-07,-0.0034267140497830245,-0.0032093338783540926
2022-02-08,0.008402843176751537,0.0082281745179964
2022-02-09,0.03666369667217154,0.014635914289178986
2022-02-10,-0.01293515680041274,-0.01796575872033035
2022-02-11,-0.03639958910536403,-0.01971869823040473
2022-02-14,-0.008441140385173311,-0.003269299789002811
2022-02-15,0.0444169603911323,0.01612691601875893
2022-02-16,-0.0030717653312712498,0.0011208962633302288
2022-02-17,-0.02917977006857884,-0.02136163977007588
2022-02-18,-0.009736686456263867,-0.006474886771853483
2022-02-22,-0.012225954517792847,-0.01073184169099406
2022-02-23,-0.008114711226240323,-0.0177385870499156
2022-02-24,0.0033900701324434453,0.015049144180475649
2022-02-25,0.024739942659989893,0.022064070953006887
2022-02-28,-0.010407155646122553,-0.0025585467999493794
2022-03-01,-0.015818043168084047,-0.01523035773074699
2022-03-02,0.021663372605353042,0.01839640140066212
2022-03-03,-0.006685984852922027,-0.004978800895516056
2022-03-04,-0.012906095423933152,-0.008124269614092738
2022-03-07,-0.0326412739868914,-0.029479275416908646
2022-03-08,-0.009773169987811152,-0.007581727669779825
2022-03-09,0.030253547218076736,0.026810770124440664
2022-03-10,-0.006068356615449581,-0.004515583642942134
2022-03-11,-0.015370766512581365,-0.012715027898951847
2022-03-14,-0.0012110690008620435,-0.007308047267934881
2022-03-15,0.020822993005715516,0.021990031548666078
2022-03-16,0.018430715248112198,0.022174424702810613
2022-03-17,0.01978847035716124,0.012510784709939271
2022-03-18,0.01365693713176927,0.010953016324260156
2022-03-21,-0.004231549468970764,-0.00029255087781265843
2022-03-22,0.01710717959571827,0.011701457812834049
2022-03-23,-0.02394265558240211,-0.012878394348902589
2022-03-24,0.015380469619771952,0.015074421706269714
2022-03-25,0.0032240517125731527,0.0048831972324050454
2022-03-28,0.0023893078707522223,0.007113138754167636
2022-03-29,0.026951266535271745,0.01237122614412467
2022-03-30,-0.009008796354765794,-0.00617496447220256
2022-03-31,-0.008623625226596623,-0.015391363901915311
2022-04-01,8.936139346975985e-05,0.0028341435403356208
2022-04-04,0.0015710530371256884,0.008566709373736714
2022-04-05,-0.017743932697520996,-0.012631522321545519
2022-04-06,-0.0017960352611272386,-0.009999373448586257
2022-04-07,0.004717351276333765,0.005038925367177205
2022-04-08,0.005727807108713542,-0.00267394820957223
2022-04-11,-0.008587290870286847,-0.017092312923739916
2022-04-12,-0.0048311412909991976,-0.0037051205867513204
2022-04-13,0.006659652949584454,0.011453703090306577
2022-04-14,-0.006014765756432079,-0.012451886724539563
2022-04-18,-0.004909414866440981,0.00041122933790460614
2022-04-19,0.02502548021929575,0.016142532795864195
2022-04-20,0.01589826962547252,-0.0007415659676218711
2022-04-21,-0.01626913849580014,-0.014953494312053395
2022-04-22,-0.023794734795826555,-0.027439062195532382
2022-04-25,0.011411496811870972,0.0057975231489966195
2022-04-26,-0.026699483087910945,-0.02896057309807376
2022-04-27,0.003487869298165203,0.002811469889546725
2022-04-28,0.021584803094105914,0.025259487417911286
2022-04-29,-0.030612092325212652,-0.036955445563262024
2022-05-02,0.0020994157270348285,0.006019338478625125
2022-05-03,0.01304312689609024,0.0045839117732136
2022-05-04,0.03524537421522582,0.030453205049804977
2022-05-05,-0.04579367975998177,-0.03554301455181286
2022-05-06,-0.027133951655360655,-0.005968867127912336
2022-05-09,-0.044033624734150345,-0.03201743457122985
2022-05-10,0.010776208190210131,0.002310766412584764
2022-05-11,-0.019077938089360306,-0.015886189604864653
2022-05-12,-0.004682751215606871,-0.0010439698945459153
2022-05-13,0.041866234986046774,0.023907756418809267
2022-05-16,-0.010294462186100556,-0.004057363930412894
2022-05-17,0.040862448322273454,0.020570291709663735
2022-05-18,-0.03188979568982474,-0.0403116835893057
2022-05-19,0.00903911356541261,-0.006124491248475361
2022-05-20,0.004533593878928953,0.0004362752175171014
2022-05-23,0.005301785664403564,0.01871041004102425
2022-05-24,-0.011066155230593944,-0.007633999442157702
2022-05-25,0.009514593227739978,0.008835134136332856
2022-05-26,0.028547548602383385,0.01998130317778446
2022-05-27,0.02919755480155895,0.02454912525413122
2022-05-31,-0.0049661888834149044,-0.005610956306688619
2022-06-01,-0.016854938172785366,-0.008088700789482428
2022-06-02,0.02823933209023785,0.019043594571526823
2022-06-03,-0.014659919350307186,-0.016411310497985054
2022-06-06,2.2493186974413548e-05,0.003044472324804648
2022-06-07,-0.0013647176740921437,0.00959235588970464
2022-06-08,-0.008430860066565212,-0.01087212158222639
2022-06-09,-0.00899928950790639,-0.02378296069888841
2022-06-10,-0.013600662090790328,-0.028995549492963124
2022-06-13,-0.019288141202946734,-0.037968208307049056
2022-06-14,-0.0014983121216649536,-0.003013381781046709
2022-06-15,0.008914664955368235,0.014256527553787146
2022-06-16,-0.014403679170677227,-0.033096313112261466
2022-06-17,-0.004052138910413019,0.002155880181493597
2022-06-21,0.021607878491157986,0.025173504247707035
2022-06-22,0.010849668197000806,-0.0018130151518350734
2022-06-23,0.012567579153284297,0.009802663735166028
2022-06-24,0.019864736841484605,0.03179370318519492
2022-06-27,0.0048695350081739,-0.003819605038973495
2022-06-28,-0.015980852785779463,-0.02043271023174842
2022-06-29,0.007698639452982454,-0.0008146467256394674
2022-06-30,-0.008893864648819137,-0.008124160205209119
2022-07-01,0.011419134126601851,0.010576450428062323
2022-07-05,-0.030142802440014486,0.00188889341145404
2022-07-06,-0.01688426223975175,0.0033772968847010088
2022-07-07,0.03947500200852014,0.014976952428330303
2022-07-08,0.0022821551289176185,-0.0008225063833630086
2022-07-11,-0.009672280390093806,-0.011423679139688003
2022-07-12,-0.01817506534343776,-0.00884904885565474
2022-07-13,-0.00023676162630670555,-0.005251617238072992
2022-07-14,-0.019279469161735306,-0.0024284022872107514
2022-07-15,0.017985194383585687,0.01910521014708877
2022-07-18,0.019829601345642565,-0.00825692490800145
2022-07-19,0.03585885107267554,0.027018914757536594
2022-07-20,0.01744084711658209,0.006373445653443444
2022-07-21,0.005094760776978237,0.01018298796341699
2022-07-22,-0.02408603143865367,-0.009278126885295612
2022-07-25,0.012779429613072308,0.0012149554414480068
2022-07-26,-0.015425322332877503,-0.0118309932517916
2022-07-27,0.040353151924298745,0.02596643374290597
2022-07-28,0.017685520103921763,0.012542313993432641
2022-07-29,0.03145359436785094,0.014578720077760288
2022-08-01,-0.012992475778787201,-0.002961242535648778
2022-08-02,-0.014510232713307092,-0.0065970180650700705
2022-08-03,0.00464586388486613,0.01565918412462519
2022-08-04,0.00018987814046653086,-0.0006755788386988426
2022-08-05,0.007756551579780181,-0.0016902832151339808
2022-08-08,0.005770842487135355,-0.0011607134584129541
2022-08-09,0.004485159248462468,-0.00397090564618674
2022-08-10,0.01053643581498935,0.02100395574369407
2022-08-11,0.007662258997431603,0.0
2022-08-12,0.0153051299337713,0.01692899621148669
2022-08-15,0.0015861439201056995,0.004120580712049016
2022-08-16,-0.00025760254605039024,0.0019587870249071493
2022-08-17,-0.010470428714702933,-0.0070980255474375475
2022-08-18,-0.0060298174372981775,0.0029064270393017733
2022-08-19,0.0058263354306227096,-0.013437945489050307
2022-08-22,-0.015176486903322337,-0.020822635655202038
2022-08-23,-0.01129920781325635,-0.002419224756112892
2022-08-24,0.0003166852922666403,0.0032012364602109766
2022-08-25,0.0041270761227011265,0.014117634606665153
2022-08-26,-0.023709400697930406,-0.03384915082047779
2022-08-29,-0.00905075230758812,-0.0066122541444046945
2022-08-30,-0.00687135867395255,-0.010977863164356338
2022-08-31,-0.004796996932582447,-0.007609123704509835
2022-09-01,0.017766301282348237,0.003137960952679597
2022-09-02,-0.01418199175979857,-0.010544474915392787
2022-09-06,0.0034944804155696814,-0.003772880273615331
2022-09-07,0.01717854789474928,0.01796480891592478
2022-09-08,0.006209363543729493,0.006536058270525169
2022-09-09,0.013629165203140454,0.015535402656514874
2022-09-12,0.009596397624018135,0.010747710947947242
2022-09-13,-0.03323811191724525,-0.043482368468549804
2022-09-14,-0.008249080222682541,0.0038156479402626786
2022-09-15,-0.026010003797869174,-0.011353501017717815
2022-09-16,-0.005113914001105295,-0.007628606734722654
2022-09-19,-0.001686198724802953,0.007754857554990391
2022-09-20,-0.015526371862108672,-0.011478821909427506
2022-09-21,-0.010788813002445798,-0.017443382944950847
2022-09-22,-0.010405500393414036,-0.008399952287190371
2022-09-23,-0.00434149378178061,-0.016754754058864285
2022-09-26,-0.01378416040577208,-0.009892733521499997
2022-09-27,0.00014986553615585442,-0.0025528780274007845
2022-09-28,0.014874912535924049,0.019676510171692474
2022-09-29,-0.017610111603998668,-0.020888825355433016
2022-09-30,-0.0071280787055300185,-0.015463808648028099
2022-10-03,0.03536934855292756,0.026401310366315656
2022-10-04,0.027382249583205762,0.030986678215641383
2022-10-05,-0.010602643171474982,-0.0023281988430771117
2022-10-06,-0.014016884173116063,-0.010315731584194854
2022-10-07,-0.023966091349654405,-0.02789383132375267
2022-10-10,0.00021844069000367472,-0.007635484197395237
2022-10-11,0.010997258111853519,-0.006333163797062724
2022-10-12,-0.008222368955007827,-0.003298302961687982
2022-10-13,0.029067404365776546,0.02639101391946852
2022-10-14,-0.017335692228421153,-0.022788633464348007
2022-10-17,0.030057192441469285,0.02569694376826237
2022-10-18,0.00828369416568056,0.011749661626352381
2022-10-19,-0.015841407587122165,-0.007086542066732426
2022-10-20,-0.0027825684973183896,-0.008385341114430567
2022-10-21,0.01732349906886177,0.02430142975497107
2022-10-24,0.010336188714172537,0.012236442557892246
2022-10-25,0.02757628816747832,0.015968493763128366
2022-10-26,0.005872598464347925,-0.0075338555371581295
2022-10-27,0.0009122792187257773,-0.0053400686942354225
2022-10-28,0.03602516084038405,0.02379066697200849
2022-10-31,-0.007780661607209437,-0.007223268483452339
2022-11-01,0.006961793290944608,-0.004375987764402511
2022-11-02,-0.02380185061921609,-0.02509614520314607
2022-11-03,0.004817833923438153,-0.010296938245312415
2022-11-04,0.0201972659200604,0.014393288300025064
2022-11-07,0.00186311885263499,0.009565525125008634
2022-11-08,0.017122135571727273,0.005395575086668991
2022-11-09,-0.0216076797844399,-0.020602297845303097
2022-11-10,0.06077697308214896,0.05495415316728569
2022-11-11,0.013587169512633416,0.009678804801725782
2022-11-14,-0.01383355267282116,-0.008506946218389877
2022-11-15,0.016192534058170047,0.008529218755566115
2022-11-16,-0.0022928867758628423,-0.007628990501839628
2022-11-17,-0.004882461811961994,-0.00305974811279186
2022-11-18,0.0018374385016761544,0.004540435526897202
2022-11-21,-0.004715672451750136,-0.0036361543180880584
2022-11-22,0.012849337818023587,0.013457033317886724
2022-11-23,0.023266513519649396,0.006301710316475084
2022-11-25,0.0014446152122316955,-0.00022372567789952225
2022-11-28,-0.016605634808585245,-0.01595709116080235
2022-11-29,0.001015820081386111,-0.0017176001087784165
2022-11-30,0.031484424276889016,0.03150062700609091
2022-12-01,0.0020682176847486126,-0.0007357372555246711
2022-12-02,0.0009410825957969597,-0.001153805409222386
2022-12-05,-0.027070307818030513,-0.017989189608294653
2022-12-06,-0.030469566312202583,-0.014414957001301243
2022-12-07,-0.0067914389033390124,-0.0017011897907771578
2022-12-08,-0.004892567114708259,0.007833866350379415
2022-12-09,-0.015131006001798742,-0.007470101347811231
2022-12-12,0.013683262318774803,0.014417233306823762
2022-12-13,0.00783989348119875,0.00756996564374246
2022-12-14,-0.0068212341757954405,-0.006393530088300681
2022-12-15,-0.016091995233895155,-0.02446179797803516
2022-12-16,-0.017091241169213286,-0.011806034722179337
2022-12-19,-0.007836006176475084,-0.008479764597451256
2022-12-20,0.0026096579246097464,0.0013682851293894682
2022-12-21,0.016726855443910137,0.014952570906706208
2022-12-22,-0.022193381527928546,-0.014265977570124044
2022-12-23,0.021468801087471692,0.00575220830912726
2022-12-27,0.008003074323582582,-0.003943512221412093
2022-12-28,-0.01918631306961136,-0.012427746511226023
2022-12-29,0.011876311205457367,0.01800009863067742
2022-12-30,0.0018021208966415882,-0.0026340865414707926
2023-01-03,-0.02334827287514286,-0.004209846018981556
2023-01-04,0.009195981765536966,0.007720117982470853
2023-01-05,0.010999679258153641,-0.011413201765992809
2023-01-06,0.018171390387791034,0.0229319435593609
2023-01-09,0.020962413166207144,-0.0005667214363062056
2023-01-10,0.015222940165730111,0.007012865313060113
2023-01-11,0.023015274009571235,0.012647590495831418
2023-01-12,0.021636022174985003,0.0036409047906624803
2023-01-13,-0.002805197154001511,0.003879593273452775
2023-01-17,0.014184652766952573,-0.00183214710164592
2023-01-18,-0.017588569464106012,-0.015787905677122738
2023-01-19,-0.022238930322748894,-0.007279890457202232
2023-01-20,0.030476727243682673,0.018629035377387693
2023-01-23,0.029908273064773915,0.011998738451526547
2023-01-24,-0.003985425897990955,-0.0010734002122582131
2023-01-25,0.013247853208265901,0.00037506499637940394
2023-01-26,-0.0032982116796750178,0.010990155106126442
2023-01-27,-0.012429674526931597,0.0022976374974943425
2023-01-30,-0.0028708245378147547,-0.01254667268776466
2023-01-31,0.020902143455419103,0.014703242615294654
2023-02-01,-0.00243011499666691,0.010627809031882762
2023-02-02,-0.020662215051833282,0.014556825031104115
2023-02-03,0.0001421291979278351,-0.010628895933858962
2023-02-06,0.001499927828209049,-0.006111372208094101
2023-02-07,-0.0024520987727344777,0.013078376966082494
2023-02-08,-0.002019806260578194,-0.010934728324488607
2023-02-09,-0.00352632069776052,-0.00866912575058798
2023-02-10,0.011437720088514874,0.0023337445172644244
2023-02-13,0.007362674356227084,0.011739091835972548
2023-02-14,-0.010424994520042146,-0.00046022821846070094
2023-02-15,-0.003153647630561341,0.0032473674937161245
2023-02-16,-0.006367069010883106,-0.013768877902945786
2023-02-17,0.014897184034746234,-0.002498060555689463
2023-02-21,-0.0017574986136695437,-0.020061020183743894
2023-02-22,-0.004621459052595428,-0.0013781568733265415
2023-02-23,0.0004696336059941903,0.0053193887571933995
2023-02-24,-0.00835253405066126,-0.010682377041181801
2023-02-27,0.000702787075310319,0.0034058616506291717
2023-02-28,-0.009274479860308903,-0.003695863428710422
2023-03-01,0.005505380351974868,-0.0038358650848324682
2023-03-02,0.0006185268200731889,0.007777030693830733
2023-03-03,0.005179679082600183,0.016037836135675665
2023-03-06,-0.00016941050899321383,0.000692820495610702
2023-03-07,-0.018421375893559792,-0.01532871315113793
2023-03-08,0.004350545663662715,0.001631982334041604
2023-03-09,-0.017705376746336404,-0.018449716274527628
2023-03-10,-0.013144210271146654,-0.014429369643272016
2023-03-13,0.00390993948474529,-0.0014254731287233202
2023-03-14,0.016094433941245344,0.01653005568573218
2023-03-15,-0.02289493746370657,-0.006254310511639605
2023-03-16,0.02094818693274878,0.01754544617529663
2023-03-17,-0.009742557822402827,-0.011692840866414422
2023-03-20,0.0075734692435776765,0.009615606462570536
2023-03-21,0.006666698711183984,0.01313058303335235
2023-03-22,-0.0445961206426149,-0.017046503375777178
2023-03-23,-0.021270855503310593,0.002703329257135456
2023-03-24,0.01483407262478939,0.006562072665901697
2023-03-27,0.014085085969066588,0.0018696790630652327
2023-03-28,0.0028557811654345133,-0.0022443675900104543
2023-03-29,0.015610697118751606,0.01453464541235805
2023-03-30,-0.008568815951980125,0.005855416045950301
2023-03-31,0.007396970748387267,0.014094558134893687
2023-04-03,-0.0040485959385188125,0.003810638022084145
2023-04-04,-0.01570582208075769,-0.005548340925136119
2023-04-05,-0.011277824942847889,-0.0026181375031003595
2023-04-06,0.007006311259483192,0.0039008530580915135
2023-04-10,0.007467109774862268,0.001026358827913576
2023-04-11,0.0076219086146874695,0.0002685714644992121
2023-04-12,-0.010047938067646544,-0.0040759133032660655
2023-04-13,-0.003313597976468129,0.013282620818763524
2023-04-14,-0.008970615894965834,-0.0024427152664936447
2023-04-17,0.034806742207509185,0.003588328182097422
2023-04-18,-0.00018868249714952556,0.0006522691739447861
2023-04-19,0.01103748679449721,-0.00016910178092655048
2023-04-20,-0.007672611682080089,-0.005457084259788525
2023-04-21,-0.012371053480114694,0.0007769577115002146
2023-04-24,0.0006488224907945845,0.00104323843424603
2023-04-25,-0.009164316310838154,-0.015873908717415786
2023-04-26,-0.01180471748610577,-0.00423545281097204
2023-04-27,0.015989229790596412,0.019907992360662652
2023-04-28,0.007255435397335698,0.008535087846436973
2023-05-01,-0.009300286700158249,-0.0010096506179255726
2023-05-02,-0.011651470698066393,-0.01123935373065632
2023-05-03,-0.019482754365323502,-0.006863977183122594
2023-05-04,-0.010348669358562657,-0.007082850430013554
2023-05-05,0.01913710765017631,0.01851252641347667
2023-05-08,0.0012055335708622095,0.0002665287302792141
2023-05-09,0.0004941117643951418,-0.0043853439168682895
2023-05-10,0.0027924329718571183,0.004672368604914157
2023-05-11,-0.004659142685902494,-0.001744028170606371
2023-05-12,0.003617072313083047,-0.001310190618347029
2023-05-15,0.009676165390537998,0.0034499132616412354
2023-05-16,-0.013342273223729864,-0.006682492792676853
2023-05-17,0.01892557776424332,0.01213901332919165
2023-05-18,0.003948372094171395,0.009633117476543829
2023-05-19,-0.006597860367807538,-0.0014551541100500387
2023-05-22,0.011150285011279475,0.0004061867374409722
2023-05-23,-0.004147615182954167,-0.011222995715209572
2023-05-24,-0.015568906037867503,-0.007244615275939226
2023-05-25,0.008340405741048978,0.008659868222557598
2023-05-26,0.01851459373242914,0.012950662481563624
2023-05-30,0.009729297676597748,0.0003808365702422378
2023-05-31,-0.027642294830415873,-0.005545112369472527
2023-06-01,0.017239526647100555,0.009500887260302626
2023-06-02,0.02932306443590784,0.014461216297305457
2023-06-05,0.0050900419967667195,-0.001916135541940367
2023-06-06,-0.001265547580001322,0.002177312991199054
2023-06-07,0.011862699681590153,-0.0034577252254979207
2023-06-08,0.0011181699407185684,0.006048776924470145
2023-06-09,-0.004873615934397453,0.0017941872511793022
2023-06-12,0.002418607665360327,0.009071945513449808
2023-06-13,0.0004709659237126574,0.0065929589400253175
2023-06-14,0.000978578939728188,0.0011907162143831584
2023-06-15,0.011148276761497896,0.012397724409938915
2023-06-16,-0.004237549776175369,-0.003406253219155997
2023-06-20,-0.0043853898356799835,-0.005188148595161146
2023-06-21,0.005130293750779367,-0.005123691950710607
2023-06-22,0.004655770510409805,0.0036095637818025494
2023-06-23,-0.007229449983282553,-0.007559926034988784
2023-06-26,0.007888283100043386,-0.0040858877321948706
2023-06-27,-0.00041998448732045784,0.010963309404018684
2023-06-28,-0.0022405533190423535,0.0005046009980902433
2023-06-29,0.0008400180173074338,0.003941132571485539
2023-06-30,0.01106176867664236,0.011800843307819608
2023-07-03,-0.00012453321586203855,0.0011505137043690272
2023-07-05,-0.00523573112250417,-0.0014872394413387724
2023-07-06,-0.011905181433955568,-0.007830645378626766
2023-07-07,-0.006914427224211182,-0.00252473617508453
2023-07-10,0.006415444368803482,0.0025311266019802936
2023-07-11,0.004036647592031692,0.00636847084218628
2023-07-12,-0.004411765450796344,0.008045970675109038
2023-07-13,0.00109807020513144,0.007937077235724344
2023-07-14,0.007793545778962274,-0.0006228860452528462
2023-07-17,0.009998201574822809,0.0034722158570845707
2023-07-18,0.002269327482603067,0.007430435704876004
2023-07-19,0.006949843483249448,0.0022237857265108296
2023-07-20,0.009647689395146342,-0.006634425064858895
2023-07-21,0.010714383064984451,0.0
2023-07-24,0.00032472725022004675,0.004467201084995764
2023-07-25,-0.0029023798170304937,0.002730066608185311
2023-07-26,-0.0003792829216161986,0.0001537110828402355
2023-07-27,-0.00593894033898929,-0.006629979638845596
2023-07-28,0.004264357111391403,0.00979040561111888
2023-07-31,-0.00403890531164538,0.001904003134700183
2023-08-01,-0.007124593758497958,-0.0028615100807442007
2023-08-02,-0.011833549046500712,-0.01391087138394509
2023-08-03,0.002187446094152451,-0.0028657999433356895
2023-08-04,-0.00785109744705164,-0.004522956756208507
2023-08-07,0.002185359454220011,0.008728634805472923
2023-08-08,0.0013148394562253292,-0.004348586054148562
2023-08-09,0.0035419626270525033,-0.006685311684030526
2023-08-10,0.002386984465698299,0.00035894680416892477
2023-08-11,0.0018919975522554327,-0.0005830171032084053
2023-08-14,-0.0013294433898270517,0.005520036262399719
2023-08-15,-0.008711850060617587,-0.011649043356157351
2023-08-16,-0.0073183128903757475,-0.007338087446811636
2023-08-17,-0.008246140943045967,-0.007619801627499201
2023-08-18,0.0034324173872066137,0.00048122842485898154
2023-08-21,0.002406847452545873,0.006506303868592855
2023-08-22,-0.0032721482263485275,-0.0027086309916933837
2023-08-23,0.0034036893957004135,0.011137812060772134
2023-08-24,-0.008049965719255921,-0.01385900056035183
2023-08-25,0.010051836148550423,0.007049725178177146
2023-08-28,0.007882068695683812,0.006341447926264232
2023-08-29,0.014829169674585915,0.014454686819769247
2023-08-30,0.008726048192526323,0.0041187998933380765
2023-08-31,-0.005782334003820736,-0.0014633606725770187
2023-09-01,0.007570504242719668,0.001865028620786191
2023-09-05,-0.01584015949507066,-0.004321634041740574
2023-09-06,-0.010826478813688912,-0.006722583010739025
2023-09-07,-0.021375233666922733,-0.0030702312651044172
2023-09-08,7.411564288566617e-05,0.0015060549819017055
2023-09-11,0.005531941150384504,0.006576717971864099
2023-09-12,0.013157138206670197,-0.005485711621704081
2023-09-13,-0.00197306153160947,0.0011660381670990372
2023-09-14,0.002490657137487417,0.008622406978120223
2023-09-15,-0.011836712920596277,-0.012048317343959836
2023-09-18,-0.0017507718020668426,0.0005864319287232078
2023-09-19,-0.0014911898045958806,-0.0020739710654424925
2023-09-20,-0.0036249786965744705,-0.009193122306159318
2023-09-21,-0.023880289145722353,-0.016528359435111217
2023-09-22,-0.008985241762449178,-0.0022485745369166255
2023-09-25,-0.0008397570213193814,0.004205209469902105
2023-09-26,-0.0018474476856547594,-0.014691324728528299
2023-09-27,0.00136322439614347,0.00039927725406352366
2023-09-28,0.006008753288588363,0.005797248553688572
2023-09-29,-0.00010089671439792624,-0.002426869793198172
2023-10-02,-0.012717208634759797,-0.00039756128934498314
2023-10-03,-0.019538713969431864,-0.013386316295370793
2023-10-04,0.008359387226722338,0.007282062424673219
2023-10-05,-0.009970361450640675,-0.0003768612261682014
2023-10-06,0.010906113505030969,0.011872927132474231
2023-10-09,-0.010275455861651166,0.006402197793960784
2023-10-10,0.01014783633520491,0.005204912439602749
2023-10-11,0.00791772904795963,0.0040963290743114555
2023-10-12,-0.01577595843645471,-0.0060965291743916294
2023-10-13,0.0065558100185233135,-0.004980875067302493
2023-10-16,0.010702181406294115,0.01052156852417574
2023-10-17,0.002022938971374794,-4.5896302300008074e-05
2023-10-18,-0.021062076423519933,-0.013325307144695486
2023-10-19,-0.020639628615162116,-0.008786378449974208
2023-10-20,-0.019062074467578616,-0.012288126528530285
2023-10-23,-0.004417399839257727,-0.0017332298007006752
2023-10-24,0.02044948761033626,0.007539618488352717
2023-10-25,-0.004039450250199783,-0.014352340011053122
2023-10-26,-0.009049620440913148,-0.011974691226522727
2023-10-27,-0.004289657842691835,-0.00453258601021711
2023-10-30,-0.001140020523570335,0.011955642672575317
2023-10-31,0.01070489259184016,0.006280472211181554
2023-11-01,0.009945699374024054,0.010664541557934948
2023-11-02,0.017855121562809946,0.01916449207449178
2023-11-03,0.021390887658977918,0.00912330706306097
2023-11-06,-0.0036735745797454567,0.002300417588351422
2023-11-07,0.0015750424974413908,0.0028462635853372387
2023-11-08,0.008971184722415326,0.0007322671390859181
2023-11-09,-0.015600444217953462,-0.007798757139632295
2023-11-10,0.013797434910578457,0.015604861740171172
2023-11-13,-0.001533279685040492,-0.0009531810096826687
2023-11-14,0.04588947228751844,0.01940084268307296
2023-11-15,0.014574128829577152,0.0021169450711351345
2023-11-16,-0.004219939252049142,0.001223092010858906
2023-11-17,-0.001051221223524501,0.0012438227768831744
2023-11-20,0.008477289001260116,0.0076976256679579524
2023-11-21,-0.004667301479196425,-0.002179563179849686
2023-11-22,0.022486473473872674,0.0038609038377206417
2023-11-24,0.004157804698578754,0.0006153992582187406
2023-11-27,-0.004185816431895625,-0.0018009688501093857
2023-11-28,0.0018846832002106248,0.0009900036991439265
2023-11-29,-0.0010133851642984948,-0.0007032246336085013
2023-11-30,0.0012982838565737552,0.003937357507215022
2023-12-01,0.01037945758514982,0.005915932849248184
2023-12-04,-0.006799972117074409,-0.005249277242034833
2023-12-05,-0.011542174603740653,-0.00019712549283967817
2023-12-06,-0.012349989418062885,-0.004029771265147364
2023-12-07,0.0020648845215621445,0.0076303561693584765
2023-12-08,0.0006638951342261107,0.004299178458064379
2023-12-11,0.007041083678071062,0.0038894620442897487
2023-12-12,-0.006247677421154267,0.00456728078917501
2023-12-13,0.01915524350990356,0.013790063422416399
2023-12-14,0.014261261292422472,0.0032092982970846062
2023-12-15,-0.003495999727204991,-0.0016464620626585047
2023-12-18,0.005845288772042317,0.005625222098039062
2023-12-19,0.008664863072166054,0.006080812478451492
2023-12-20,-0.010087375665988205,-0.013857196419393314
2023-12-21,0.008201978317256517,0.009481945263065672
2023-12-22,-0.0009581832402163607,0.002009596662058355
2023-12-26,0.007216551689179092,0.004222468382429456
2023-12-27,-0.003815238972967664,0.0018082332844338023
2023-12-28,-0.0068570948705819895,0.00037764622030822537
2023-12-29,-0.0010387721291777888,-0.002894986119617915
2024-01-02,0.002437570248735322,-0.005596317344066182
2024-01-03,0.004380832293010269,-0.008166680091558853
2024-01-04,-0.01186764659516669,-0.003221209214564258
2024-01-05,-1.6009535406628743e-05,0.001369668733661289
2024-01-08,-0.002334327901491801,0.0142760527784358
2024-01-09,-0.005735348687515457,-0.0015171279191281695
2024-01-10,0.0005830334651799079,0.0056553985717209265
2024-01-11,-0.00350964295760972,-0.000440541101633829
2024-01-12,-0.0068046743144025,0.0006925839857079286
2024-01-16,-0.003990119101962284,-0.0036711092873069617
2024-01-17,0.0003215936055048663,-0.005558827080601625
2024-01-18,-0.004331293682236267,0.008892944647898027
2024-01-19,-0.001304820700887414,0.012466082821091184
2024-01-22,-0.025171742090541144,0.002114386993945949
2024-01-23,0.004005652126577594,0.002916478516551635
2024-01-24,-0.007498000978532974,0.0010931331410748424
2024-01-25,-0.0033352583425105605,0.005438906700346413
2024-01-26,-0.0026330376981895274,-0.0012703986234009479
2024-01-29,0.0057428199959988005,0.007919308311993944
2024-01-30,-0.007769295160431871,-0.000773300179463976
2024-01-31,-0.011016795534709247,-0.016317323545475326
2024-02-01,0.007405576278825784,0.013088048421898923
2024-02-02,0.0013141825074698406,0.010527553726730643
2024-02-05,-0.005176991314024654,-0.003641322659039381
2024-02-06,0.007226181047410717,0.0029032539728739426
2024-02-07,0.0029460999413790314,0.008340432670724374
2024-02-08,-0.002748798154448182,0.00044162427096816614
2024-02-09,0.00599910717379554,0.005779462489611031
2024-02-12,0.007307340891820284,-0.0004389554866645051
2024-02-13,-0.02085201410074316,-0.013772926717276479
2024-02-14,0.006969578564789639,0.009087539027314628
2024-02-15,0.019218721123019367,0.006899730653169955
2024-02-16,-0.0034168335294373453,-0.004980036517679309
2024-02-20,-0.0026758785304315694,-0.005505256147255944
2024-02-21,0.0005993629645830126,0.0009058194007618425
2024-02-22,0.010984202585073505,0.02069555162297987
2024-02-23,0.005094944397150617,0.0006895959594583889
2024-02-26,-0.012821287256127495,-0.0036625789483393234
2024-02-27,0.0055504787275580504,0.0018577482984671878
2024-02-28,0.0011284617045094615,-0.0013216408439921112
2024-02-29,0.008975783705734604,0.003595030149642131
2024-03-01,0.0036015264571584845,0.009388144494411721
2024-03-04,-0.006678245146650942,-0.001072276407503736
2024-03-05,-0.004138118709931335,-0.009994191022214438
2024-03-06,0.003181227018307231,0.00506719125229993
2024-03-07,0.016420410446080825,0.009926328851974642
2024-03-08,-0.007282292893006103,-0.006002087778289478
2024-03-11,0.011053739440285931,-0.0008598627660008074
2024-03-12,0.01556202606278211,0.010757411600059497
2024-03-13,0.0008559189384024298,-0.001567651184136598
2024-03-14,-0.008254199727106552,-0.0019765785194293395
2024-03-15,-0.016277901581864557,-0.006866645595945631
2024-03-18,0.00866293557490446,0.005943155234570563
2024-03-19,0.0033871227844363304,0.005557149844622078
2024-03-20,0.009512604633261165,0.009249220034809102
2024-03-21,-0.006442317871121683,0.003304611474516772
2024-03-22,-0.00398839304428077,-0.0018956935239854422
2024-03-25,-0.002528032162262831,-0.002762833583577984
2024-03-26,0.002490544205504288,-0.001847032185524733
2024-03-27,0.015685104837768214,0.008403744612041297
2024-03-28,-0.000760074378158689,-0.00019097911240839593
2024-04-01,-0.002315824795267234,-0.001739871634885537
2024-04-02,-0.019958290435262184,-0.006358076572897664
2024-04-03,-0.0012103327005392704,0.001098595818522119
2024-04-04,-0.010958290189235161,-0.012206090452421381
2024-04-05,0.0021988497422335625,0.010446857229074125
2024-04-08,0.0030520355831135243,0.0005593141739412832
2024-04-09,0.006388149367021395,0.0011566715338628963
2024-04-10,-0.01852076003448011,-0.010012985450947975
2024-04-11,-0.0009454693375873447,0.007546862940373655
2024-04-12,-0.0192800970589901,-0.013803210037870994
2024-04-15,-0.010877540794933012,-0.012527984957878102
2024-04-16,-0.0037461600696797534,-0.0018237876332101166
2024-04-17,-0.013720036889128612,-0.005918237768831047
2024-04-18,-0.003421204335382403,-0.0020577684122999873
2024-04-19,-0.0011731362655192095,-0.008728335232320639
2024-04-22,0.0047239789352706615,0.00920919755139571
2024-04-23,0.0057847888604716565,0.011866574121826012
2024-04-24,-0.002089210825639475,-0.0004745284342694278
2024-04-25,-0.003720495496315119,-0.0037989599073708913
2024-04-26,-0.002109417280251262,0.009473891460768158
2024-04-29,0.003868280295798625,0.003541427118913587
2024-04-30,-0.012452934750011788,-0.01584116572162686
2024-05-01,-0.012352224241171881,-0.003247275019863549
2024-05-02,0.0025546025888248383,0.009353450838071709
2024-05-03,0.01534425181610234,0.012395395370112805
2024-05-06,0.007554208373420645,0.010326734245154512
2024-05-07,0.005950398002699492,0.0011036055016220292
2024-05-08,-0.007758621322636728,9.660296345659347e-05
2024-05-09,0.019220923399281768,0.0057616829058904084
2024-05-10,0.003420340673681333,0.0012881688559209792
2024-05-13,-0.0023828724991247453,0.00013442782696926336
2024-05-14,0.00575355784676356,0.004588101776224374
2024-05-15,0.007136887415473535,0.012383067094086764
2024-05-16,0.0017566663395432742,-0.0020575211449046504
2024-05-17,0.006226951037776001,0.001437424832782641
2024-05-20,-0.0005279360404928456,0.0011522908721703917
2024-05-21,-0.003963766685760096,0.002452466390780561
2024-05-22,0.0012347256452043603,-0.0028792783967770408
2024-05-23,-0.016363181956229253,-0.007304279476561093
2024-05-24,0.004381162473808375,0.00661651357559756
2024-05-28,-0.00856592694070751,0.000698751458297453
2024-05-29,-0.014155644561524024,-0.007002629786867498
2024-05-30,0.011270677314296283,-0.006633519225726192
2024-05-31,0.015249514481409952,0.00910803264827642
2024-06-03,-0.02083614800457676,0.0008153592768926909
2024-06-04,-0.0039681146933761855,0.0011178898116688263
2024-06-05,0.001964464199540811,0.011885179878577512
2024-06-06,0.006219135992980071,-1.8874713054506387e-05
2024-06-07,-0.0021561806103647446,-0.0012156248058271535
2024-06-10,0.006920679909349281,0.00308977121748355
2024-06-11,0.002956594904155457,0.002408338954078104
2024-06-12,-0.0018398133067029413,0.008213109386135509
2024-06-13,-0.007977733349482662,0.002013393833566024
2024-06-14,-0.0007422293578401835,0.0006083856691376788
2024-06-17,0.007416405372534584,0.007958828152111241
2024-06-18,0.004823781983366572,0.0025408350120808
2024-06-20,0.011349119299697764,-0.002716558424119553
2024-06-21,0.012714853742822703,-0.001340607764340862
2024-06-24,-0.004119786981540603,-0.0032507395346381696
2024-06-25,0.0010731810122134864,0.003850869326469164
2024-06-26,-0.002333011277317559,0.001248271084342223
2024-06-27,0.00998879612759671,0.0015762324036823205
2024-06-28,0.004254343827663935,-0.003934836932233732
2024-07-01,-0.013014964841595368,0.002057793882850545
2024-07-02,0.009016270655962225,0.006730006783740583
2024-07-03,0.011600264891325733,0.004462292095426923
2024-07-05,-0.0004958766897862656,0.005766711601198793
2024-07-08,-0.006261860236457547,0.0011537588069578941
2024-07-09,-0.006764737298754874,0.0009723972844888351
2024-07-10,0.010656401053851893,0.009895507576701101
2024-07-11,0.009168073732019291,-0.008622675948070313
2024-07-12,0.0005473311044313044,0.0063076263231880425
2024-07-15,-0.005481015833859236,0.002750176035142937
2024-07-16,0.012629178667224806,0.005930002933012046
2024-07-17,-0.011986614703063862,-0.014021126594645938
2024-07-18,-0.001544219910510669,-0.007684978589016733
2024-07-19,-0.003236689039882705,-0.006640528727991368
2024-07-22,0.012353504117934993,0.010309854435858412
2024-07-23,0.0032850794316602286,-0.0015686197644287914
2024-07-24,-0.010187889177087288,-0.02266242415640396
2024-07-25,0.005796931710965816,-0.005210424496925881
2024-07-26,0.020595131961195792,0.0111997866618887
2024-07-29,0.0002985424789131812,0.0005878019729350648
2024-07-30,-0.008650775342150198,-0.0050663262889381055
2024-07-31,0.003395727944605023,0.016254382826145886
2024-08-01,-0.010422055296757996,-0.014160871465467961
2024-08-02,-0.023342119380211954,-0.01861848648683473
2024-08-05,-0.019295128119459097,-0.029123754853959127
2024-08-06,0.019700336291652125,0.009219729685341349
2024-08-07,-0.009153026000592545,-0.006684044376339737
2024-08-08,0.01988967195484469,0.023117361125918112
2024-08-09,0.004318786731875284,0.004409574868284416
2024-08-12,-1.50430518310907e-05,0.0005255223572662171
2024-08-13,0.02028079734047782,0.016445611346070477
2024-08-14,0.007414762728404924,0.0031546646745219675
2024-08-15,0.033794140740518265,0.017140279968171024
2024-08-16,0.003314704286662792,0.0022421066199815876
2024-08-19,0.00999755725418645,0.009561430105987645
2024-08-20,-0.004643714879860228,-0.0016260603752510372
2024-08-21,0.011537679050529525,0.00343634733544973
2024-08-22,-0.019691082821779133,-0.007848402853028458
2024-08-23,0.01120145543695009,0.010625273593212858
2024-08-26,-0.023860003519755625,-0.00238369696215901
2024-08-27,-0.012405628773757262,0.0013729592647899747
2024-08-28,-0.019522896330833605,-0.005805297076289628
2024-08-29,-0.006370991669931078,8.964094270047518e-05
2024-08-30,0.001682912687896365,0.009546072545585815
2024-09-03,-0.01933096768214075,-0.020579026837119763
2024-09-04,-0.02102688770634462,-0.0020469440190744592
2024-09-05,-0.013158180691780146,-0.0024319540504140758
2024-09-06,-0.020102280402582367,-0.016830429416384796
2024-09-09,0.01540815880685479,0.011196139176230968
2024-09-10,-0.0063005311263917355,0.0043559163518611665
2024-09-11,0.008491432247727672,0.010259077279622053
2024-09-12,-0.004279974734508007,0.008423121701785385
2024-09-13,0.0062774766428376726,0.005222783247845975
2024-09-16,0.006893456482287094,0.0014770380395661142
2024-09-17,0.0022451713732704577,0.0004084004611295544
2024-09-18,-0.007877393328244301,-0.0029658253212330177
2024-09-19,0.01159473868976567,0.0170646033183659
2024-09-20,-0.008129364475593924,-0.0017288213638069205
2024-09-23,0.0005762598918177015,0.0024989046670664816
2024-09-24,-0.005445545976360389,0.002861268497158287
2024-09-25,-0.012784272003496727,-0.002205574021654777
2024-09-26,-0.01663745723361425,0.003964690943036642
2024-09-27,0.01835544154935889,-0.0014502902539623719
2024-09-30,0.004765636211165388,0.004007197783506555
2024-10-01,0.005300020953184492,-0.00895838840635721
2024-10-02,-0.003974101017843422,0.00042196417751982906
2024-10-03,0.01827420629934686,-0.0018281781869303737
2024-10-04,0.011440957819108985,0.009087315965643716
2024-10-07,0.0032496015058579653,-0.009040376434491182
2024-10-08,-0.021077933652847443,0.009457552416897164
2024-10-09,0.0035439941534437754,0.006926375029708831
2024-10-10,-0.0032600739289660088,-0.0017499291458934474
2024-10-11,0.008762601514657933,0.005988342474201325
2024-10-14,0.009313059116853253,0.008178239537643961
2024-10-15,-0.003465301124206307,-0.007769603150609483
2024-10-16,-0.000948665919030379,0.0043464140096862725
2024-10-17,-0.012268913446616975,8.579045798295937e-05
2024-10-18,-0.001002962262083563,0.003846548369420555
2024-10-21,-0.019205358113147976,-0.001642173469649788
2024-10-22,0.0022238280521040092,-0.00053117967032279
2024-10-23,0.0010815998102135286,-0.00913757934822279
2024-10-24,-0.005696925940286649,0.0021628028303846136
2024-10-25,-0.013248675785000176,-0.00034529733208077396
2024-10-28,0.0019026271289283164,0.0030914301936280086
2024-10-29,-0.01964723245311259,0.0016183796278272933
2024-10-30,0.002425581860752698,-0.0030252091843017137
2024-10-31,0.003027712521450796,-0.019603193652644957
2024-11-01,-0.007295018473756833,0.004220588805548209
2024-11-04,0.0033371334748395986,-0.002154001685066964
2024-11-05,0.006778667543288023,0.012091814888343544
2024-11-06,-0.006908949802513914,0.024865595825653397
2024-11-07,-0.0063814795033864365,0.007732061978746874
2024-11-08,-0.009047733444495665,0.0043319212565438026
2024-11-11,0.004425858695074843,0.0009527815024188424
2024-11-12,-0.01989818782048397,-0.00310644007127725
2024-11-13,-0.008119534285039214,0.0004857686989643284
2024-11-14,-0.006638162850564555,-0.006430102827616024
2024-11-15,-0.019180425052874192,-0.012808745803614352
2024-11-18,0.014170257775074965,0.004097516903905474
2024-11-19,-0.007628073291779615,0.0036554745910837294
2024-11-20,0.006479794436571132,0.00033882773833160407
2024-11-21,0.006561768020080771,0.005368352731534021
2024-11-22,0.0031372490243950562,0.00309939412825333
2024-11-25,0.010082253909789125,0.003392105066349016
2024-11-26,0.007496904869841368,0.005221484926557496
2024-11-27,0.00199714106500835,-0.0030301917856291327
2024-11-29,0.0028458447052734518,0.006212050385417278
2024-12-02,0.002587436369041857,0.0017924309359995672
2024-12-03,-0.008595832600794566,0.00046384228165408103
2024-12-04,-0.00394731539398934,0.006209407476146511
2024-12-05,-0.003863132336430661,-0.001645534807012794
2024-12-06,0.016531618171024765,0.0018956945975732165
2024-12-09,0.006766560768971879,-0.005149570589002672
2024-12-10,-0.01605922532660071,-0.003109093733479562
2024-12-11,0.004001031275517146,0.007730532876877971
2024-12-12,-0.00862203032181695,-0.00515253763170509
2024-12-13,-0.0058845110588710055,-0.000198618165903941
2024-12-16,-0.003345189690365211,0.004269850246997331
2024-12-17,0.002744433487053244,-0.004119786596019304
2024-12-18,-0.025645071211416057,-0.029803561159425507
2024-12-19,-0.015428795042715382,-0.0003072589937267445
2024-12-20,0.0090335912599765,0.012011227540057678
2024-12-23,0.011629596244077788,0.005988313217041075
2024-12-24,0.006812382587916577,0.011114887732055045
2024-12-26,0.0009211691713704689,6.669503786849162e-05
2024-12-27,-0.0034380110858407333,-0.01052668635312315
2024-12-30,-0.009079450542905437,-0.011411586367528481
2024-12-31,0.0059417245141075645,-0.0036380303829519622
2025-01-02,0.003102611833814996,-0.002457018332623462
2025-01-03,0.011229905935730224,0.012503510745669022
2025-01-06,0.004068334657320497,0.00576050990496646
2025-01-07,0.0011252530121999805,-0.011304045433904064
2025-01-08,0.002414037537943981,0.0014610115160782478
2025-01-10,-0.007050508102341856,-0.0152676386215147
2025-01-13,0.023894139354145413,0.0015506920150269998
2025-01-14,0.010158664682136784,0.001375843498309326
2025-01-15,0.02070496547309863,0.018190030783588274
2025-01-16,0.0066574287993754686,-0.0019229971694386672
2025-01-17,0.014372350279599818,0.010039900216929798
2025-01-21,0.004451071789092315,0.00915327172145064
2025-01-22,-0.012370955094935177,0.005621641854193671
2025-01-23,0.003417278374465224,0.00545805853915704
2025-01-24,-0.0010359923134481619,-0.0029194685844309287
2025-01-27,0.02079262604499435,-0.014145154890303768
2025-01-28,-0.01787295815413867,0.008592418892591214
2025-01-29,0.0014785968301738585,-0.0044829666982550975
2025-01-30,0.012403895884721012,0.005367082266790391
2025-01-31,-0.013052343350199521,-0.005322013686878346
2025-02-03,0.0005276814273840599,-0.006729656557379227
2025-02-04,-0.005909587823825842,0.006708266629556592
2025-02-05,0.0029656214709917854,0.0040547333815506015
2025-02-06,0.008281448515146384,0.0034757319339304704
2025-02-07,0.013176241081118176,-0.009153614464924464
2025-02-10,0.004020039818137944,0.006791224284519393
2025-02-11,-0.001942251981802379,0.0007605411152529218
2025-02-12,0.0108781201869598,-0.0032216898605842426
2025-02-13,0.00724101129902775,0.010557605365127953
2025-02-14,-0.0035489915583566383,-4.917697295880874e-05
2025-02-18,0.011518683217831895,0.0029357958462659095
2025-02-19,0.005000068491489328,0.0023551221215794005
2025-02-20,0.004369455219250003,-0.00416054826298784
2025-02-21,0.005664751649198703,-0.017104007876210026
2025-02-24,0.005483730034217823,-0.004550303389776356
2025-02-25,0.004170309556914344,-0.004973286374205688
2025-02-26,-0.01454601419734361,0.0005047975617609168
2025-02-27,-0.002399246434445221,-0.015961911190013223
2025-02-28,0.013933413843638874,0.015605596661077747
2025-03-03,-0.009326814054184878,-0.01751997766630431
2025-03-04,-0.016731760442524075,-0.01183676164866676
2025-03-05,0.010292128229028183,0.010747730837302738
2025-03-06,-0.009780245590118032,-0.017751263194117906
2025-03-07,0.013660849765070964,0.0056049948495140445
2025-03-10,-0.012821380156070632,-0.026635511651277977
2025-03-11,-0.00807935561093339,-0.008312890256780947
2025-03-12,-0.0018160514320622306,0.005306599625433561
2025-03-13,-0.017192992658804335,-0.013330657012063596
2025-03-14,0.018793123139539028,0.020655793553070456
2025-03-17,0.01696149059009834,0.00771144794455525
2025-03-18,-0.011836781568997496,-0.010808597358321625
2025-03-19,0.01322581768566249,0.010891068511607482
2025-03-20,0.002983094450653899,-0.0028918080871890295
2025-03-21,-0.0006253226077275948,0.0003298919546212975
2025-03-24,0.023071645003702415,0.01790848775160092
2025-03-25,-0.005133882063168844,0.002403713718828193
2025-03-26,-0.021077921429366157,-0.011938122033753884
2025-03-27,-0.015797129009022953,-0.002655735881150312
2025-03-28,-0.025084789026110534,-0.020138212342233786
2025-03-31,-0.003555886476043953,0.006712688489439067
2025-04-01,0.009123968817680354,0.0028245533885180585
2025-04-02,0.023625504434383722,0.006328407928268165
2025-04-03,-0.08290787723845823,-0.04928079568685728
2025-04-04,-0.03565887269887369,-0.05854310111696115
2025-04-07,-0.008167578435631108,-0.0017811884523963872
2025-04-08,-0.024871832592950904,-0.015662692960500824
2025-04-09,0.07296769450755224,0.10501930911064017
2025-04-10,-0.04345317140361072,-0.04381917539064717
2025-04-11,0.010700415197668137,0.017842895866355013
2025-04-14,0.01804561579267418,0.009701506983955888
2025-04-15,-0.00992068969101793,-0.0028009069165995104
2025-04-16,-0.011386939792476508,-0.022228078391931083
2025-04-17,0.013320632026771072,0.0014268350248789474
2025-04-21,-0.009627057239171394,-0.02380270712392807
2025-04-22,0.024558150710384523,0.02601775974219156
2025-04-23,0.029455870605463078,0.015495362918822586
2025-04-24,0.05108260806803584,0.021049146580611966
2025-04-25,0.00045620827242646143,0.007225197278295514
2025-04-28,-0.00014553870133827114,0.0003814975701730283
2025-04-29,-0.0014639276845162114,0.006299163407458508
2025-04-30,0.01263823463323318,0.0003968300935219826
2025-05-01,-0.0038700777502495383,0.007087092087886715
2025-05-02,0.023443076306610633,0.014844134866078829
2025-05-05,-0.013380859822003002,-0.005734433377700299
2025-05-06,-0.01585816920656591,-0.008358216758522774
2025-05-07,0.007472920961043119,0.004205416334334133
2025-05-08,-0.0012258953009100636,0.006967872870209169
2025-05-09,-0.00424785702525704,-0.00127433074633454
2025-05-12,0.027241231700528543,0.03304754271395138
2025-05-13,-0.022201033003908913,0.006603860821533747
2025-05-14,-0.021547952497428934,0.001277977174232836
2025-05-15,0.004966348401139341,0.004884390984280174
2025-05-16,0.013324552592900567,0.006333939106342834
2025-05-19,0.01079675283283604,0.001093923920310047
2025-05-20,0.003659091598218937,-0.0033620496266493216
2025-05-21,-0.01621939236194078,-0.016850877987892088
2025-05-22,-0.010058659758975871,0.00039470808698149895
2025-05-23,0.00036752365173652475,-0.006825957405117156
2025-05-27,0.009850091552388907,0.020790793819524644
2025-05-28,-0.003190504792916392,-0.005785347040202837
2025-05-29,0.0035997335530634435,0.003947231240857718
2025-05-30,0.001996099409587343,-0.001118296253996065
2025-06-02,0.0036901564018916384,0.0056328156906035876
2025-06-03,-0.0031568151445254965,0.005702557269405606
2025-06-04,-0.006088299365468454,-0.0002684085986693896
2025-06-05,-0.0032039012539481085,-0.0048327557623635276
2025-06-06,-0.0007144144803706746,0.010268925536670137
2025-06-09,0.004092946866884789,0.0009012287764704752
2025-06-10,0.004354051324697261,0.005669821601985259
2025-06-11,0.00211989052110282,-0.002852077351950366
2025-06-12,0.015949811655018412,0.0039742753822695764
2025-06-13,0.0011096990340615847,-0.011180162300879815
2025-06-16,-0.0036148148534723484,0.009514344503849026
2025-06-17,-0.009911744318460093,-0.0085450687006845
2025-06-18,-0.0009241731878098898,-0.00015071307483049967
2025-06-20,0.004017092799091187,-0.0023484740098860257
2025-06-23,0.00601309404457233,0.009877380871532226
2025-06-24,0.012954826583565743,0.011047186039507384
2025-06-25,-0.01346165930005968,0.0005603844216792719
2025-06-26,0.008018750484926552,0.007823809728070064
2025-06-27,0.0020602401050951926,0.0049683222933454285
2025-06-30,0.007179150377274833,0.004781179328798402
2025-07-01,0.019339170460908214,-0.00032361428413474336
2025-07-02,-0.0017101800813482614,0.004533365492089381
2025-07-03,0.0014496590881944314,0.007881399459640726
2025-07-07,-0.0097682325471495,-0.007452168554898053
2025-07-08,-0.0014037628614731203,-0.0005476359239223738
2025-07-09,-0.0015485248584569539,0.005996656078344209
2025-07-10,0.00065921004020528,0.002820159388102761
2025-07-11,-0.006934266644687613,-0.0035152116128203126
2025-07-14,-0.0022488019956438533,0.0019080849682644452
2025-07-15,-0.018416170865997616,-0.004273212189356279
2025-07-16,0.0036494268893571,0.0033431741923299896
2025-07-17,-0.0023066550579549728,0.006119736739210957
2025-07-18,0.005392220634262254,-0.0007324327901533367
2025-07-21,-0.015916877006956577,0.001896143492131186
2025-07-22,0.0014210359444975073,0.00014309729281114514
2025-07-23,-0.0010354367974737873,0.008507477186705525
2025-07-24,-0.002664845123560165,0.0003311269877350753
2025-07-25,-7.499730007799093e-05,0.004224338152491125
2025-07-28,-0.00565967273441658,-0.0002510690047468067
2025-07-29,0.016280482800972742,-0.0026376616892719307
2025-07-30,-0.012690089461962564,-0.0012592724779846298
2025-07-31,-0.015019028136288026,-0.0037512610547767444
2025-08-01,0.0017317036466117939,-0.016390515253635662
2025-08-04,0.010318230582640779,0.015199964187266879
2025-08-05,-0.031539311521698206,-0.005070023621000952
2025-08-06,0.003405003327135091,0.007659660445043404
2025-08-07,-0.001554650827904899,-0.0008375389073296269
2025-08-08,0.007060759438232943,0.007797456463786601
2025-08-11,0.0022255218302614874,-0.0019774044951013092
2025-08-12,0.011839161791676534,0.010645980769615315
2025-08-13,0.017370188445216584,0.003423132386020322
2025-08-14,-0.003843891599277598,9.301357079483097e-05
2025-08-15,0.0024471721841299453,-0.002341293610408912
2025-08-18,-0.007474661167720363,-0.00021752076014103228
2025-08-19,0.014872007191173197,-0.005425196437217061
2025-08-20,-0.010383646910447467,-0.002657080804944645
2025-08-21,-0.003401142598559931,-0.004011713095880665
2025-08-22,0.029133502577163024,0.015356831549959704
2025-08-25,-0.012887487261907965,-0.004401115245012965
2025-08-26,-0.0002823748493518748,0.004186968758527643
2025-08-27,0.0037556531927205377,0.002278452752666471
2025-08-28,0.01324349036889186,0.0035414199062957508
2025-08-29,-0.0018535211555139105,-0.005963734491660877
2025-09-02,-0.00692082955953866,-0.007410157012364249
2025-09-03,0.004464824177354769,0.005419449257191955
2025-09-04,-0.006306557193331359,0.008357513412322604
2025-09-05,0.007367175221769329,-0.002896288899897903
2025-09-08,0.012554184341560665,0.0024566730815143156
2025-09-09,0.0037163222604520395,0.002311789288386157
2025-09-10,-0.012301446476646473,0.002890805295761023
2025-09-11,0.011602952551788226,0.008310290457562264
2025-09-12,-0.00888465331881167,-0.00033472424849623206
2025-09-15,-0.009513035237602717,0.0053239632981088025
2025-09-16,0.002265546712686036,-0.0013767915798059693
2025-09-17,0.006326451970462674,-0.0012423635595048
2025-09-18,0.0037375107083685577,0.0046723118619314
2025-09-19,0.00033360416501977154,0.004952962095531754
2025-09-22,0.0016626907695447037,0.004731049353107419
2025-09-23,0.005383759024423973,-0.005443470649980853
2025-09-24,0.0006726291725788846,-0.0031816642308674092
2025-09-25,-0.0021423858560354345,-0.004613467564511753
2025-09-26,0.011054446867950977,0.005729127602591033
2025-09-29,0.007242092750219037,0.0028103535347194786
2025-09-30,-0.003122824269237107,0.003766834755358328
2025-10-01,-0.007989042714547914,0.0034075722246513784
2025-10-02,0.006262689949690369,0.0011517326256851312
2025-10-03,0.003158161591357594,-1.4805406382656372e-05
2025-10-06,-0.0039860658061862085,0.003586271966467658
2025-10-07,0.0027296042694819416,-0.0037075138893177817
2025-10-08,0.004516368590667851,0.005963055269571305
2025-10-09,-0.008946249882218768,-0.002896974724933221
2025-10-10,-0.03070531302482292,-0.027027862178845674
2025-10-13,0.012566144932707921,0.015344118135168339
2025-10-14,0.005737650613141029,-0.0012216462876413203
2025-10-15,-0.004142357445281143,0.004439622839291779
2025-10-16,-0.018428813157223174,-0.006810318970138396
2025-10-17,0.009272971526075742,0.0056762988463516795
2025-10-20,0.002515310613913961,0.010400500262923273
2025-10-21,0.011697279286184215,-1.503455288609512e-05
2025-10-22,-0.005557620207335138,-0.005198824867010954
2025-10-23,0.002927723368825446,0.005929962705964353
2025-10-24,-0.0066101389825246,0.008172554694480416
2025-10-27,0.0009781903209442645,0.011797664492784632
2025-10-28,-0.024837102191947187,0.002656016019079832
2025-10-29,-0.027671354160773824,0.0004802810674313651
2025-10-30,-0.001661148493332749,-0.010998098598900663
2025-10-31,0.004101364718122928,0.0032802220875831622
2025-11-03,-0.01040385297527079,0.0018767398754619968
2025-11-04,0.0032020500618426813,-0.01185354736001909
2025-11-05,-0.000801218143952978,0.0034653852011290454
2025-11-06,0.0016665916660669818,-0.010729363869237507
2025-11-07,0.012321620027098489,0.000984565078659072
2025-11-10,0.005392100137505401,0.01560437034633999
2025-11-11,0.005314178946696042,0.002289177027853917
2025-11-12,0.00753734393767524,0.0005563903663643455
2025-11-13,-0.005682076374636045,-0.016593996414786205
2025-11-14,0.0035643930239163033,-0.0001635496688257021
2025-11-17,-0.009935027668544727,-0.009316528985265693
2025-11-18,-0.0008087595516125712,-0.0083974608943449
2025-11-19,-0.008547829786991873,0.0038631762831033978
2025-11-20,-0.03269817150498615,-0.015242318774626007
2025-11-21,0.023862845478443973,0.009961232480063087
2025-11-24,-0.0008513812777735038,0.014718418739979588
2025-11-25,0.01939154889452025,0.00940592893130443
2025-11-26,0.007519403773773958,0.006903582418005261
2025-11-28,0.006807553390750414,0.0054584342293309
2025-12-01,0.00408926540407277,-0.004565470301164498
2025-12-02,0.0011429630933341038,0.0018522768711999316
2025-12-03,0.01281825481845342,0.003462749080359595
2025-12-04,-0.0006453784046264495,0.0007310498015529188
2025-12-05,0.011816436608588545,0.0018994848443159018
2025-12-08,0.0031063549843164994,-0.0030042091058060105
2025-12-09,-0.0038234872887924,-0.000863208114894487
2025-12-10,0.008285188978396793,0.006632325948745521
2025-12-11,0.002013951807084409,0.0023269460314641055
2025-12-12,-0.018989062096684144,-0.010752075575282682
2025-12-15,-0.008799475311253335,-0.0015108085502177904
2025-12-16,-0.0015949260388607245,-0.002732285145230273
2025-12-17,-0.016982655302602827,-0.011003593983400228
2025-12-18,-0.0007946748357879822,0.00755126270975226
2025-12-19,-0.003771089255976091,0.009063506223587092
2025-12-22,0.00969488848931973,0.00622989400678442
2025-12-23,0.0031665890615931213,0.0045704023396588855
2025-12-24,0.004994771867602516,0.003517674396244841
2025-12-26,0.0012732319916313839,-0.00010140966545213459
2025-12-29,0.002104368503335523,-0.0035636535074947684
2025-12-30,0.0001082922161791026,-0.0012211244085722495
2025-12-31,-0.007740550595592651,-0.0074089416209803804
2026-01-02,0.0030009110062742747,0.0018329931020035772
2026-01-05,5.700113671676469e-05,0.006660117292359935
2026-01-06,0.00521495604799803,0.0059472480516442605
2026-01-07,-0.0071235460134945324,-0.003223412281198157
2026-01-08,0.01928683401693944,-0.00010152731427326422
2026-01-09,0.004217052917824844,0.006613382996888628
2026-01-12,0.0005793068942464613,0.00157043300066384
2026-01-13,0.0048333706644523204,-0.0019995067653818532
2026-01-14,0.005619095872048436,-0.0049151644595419874
2026-01-15,-0.004635841820965107,0.002723208385480236
2026-01-16,-0.005728080896213365,-0.000837905189162047
2026-01-20,-0.009275064465731522,-0.02035680001149731
2026-01-21,0.006329882496669001,0.0115411092816613
2026-01-22,0.0023340351300404306,0.005223257672714476
2026-01-23,0.004459862711004807,0.00036273518897367296
2026-01-26,0.00886858176493521,0.005078142735685631
2026-01-27,0.006728228550199321,0.0039842543077575066
2026-01-28,-0.007883690231803592,-0.0001006645803248718
2026-01-29,-0.008183317541584929,-0.001984377154833794
2026-01-30,0.006631180558504626,-0.002982572514766746
2026-02-02,0.006087739032343458,0.004971400525214165
2026-02-03,0.005283126551553543,-0.008455473390127866
2026-02-04,0.023037732288024627,-0.004843853725993386
2026-02-05,-0.034768911033503005,-0.012489284060324235
2026-02-06,0.018119254028179266,0.01918478647681998
2026-02-09,0.006611700616302512,0.004821815563577747
2026-02-10,-0.002149366480877803,-0.0026371459581814305
2026-02-11,-0.033055981345004204,-0.00023112214366449724
2026-02-12,-0.022515395438920977,-0.01544885969788623
2026-02-13,0.010766623273880057,0.0007044991031190939
2026-02-17,-0.010911868019048133,0.0016134830190519533
2026-02-18,0.015673044532165222,0.005037707550576753
2026-02-19,0.009120002048390106,-0.002637433731113581
2026-02-20,-0.004100630362034225,0.007231939581382241
2026-02-23,-0.027786821837490715,-0.010211366038766267
2026-02-24,0.03271948400173514,0.00726847527019836
2026-02-25,0.04223826086108686,0.008438306300538434
2026-02-26,0.00825819947107757,-0.005554445579207146
2026-02-27,-0.012986489610717859,-0.004801940858611298
2026-03-02,0.01747034713034054,0.0005686124327104469
2026-03-03,-0.0032756787753321455,-0.008814339520359149
2026-03-04,0.03437558931766486,0.00705526576749449
2026-03-05,0.008007184425492517,-0.005575491873376914
2026-03-06,-0.0026211417985556006,-0.01310712873041986
2026-03-09,-0.0071122692271219584,0.00875996072290297
2026-03-10,-0.017413695683369042,-0.0016071058958396778
2026-03-11,-0.002453566334451383,-0.0012551345486657706
2026-03-12,-0.017712988813867736,-0.015184966271003186
2026-03-13,0.0011403553863970847,-0.00566013575260893
2026-03-16,0.0046847731664747495,0.01017686501045656
2026-03-17,0.015503408903594027,0.002630544991105488
2026-03-18,-0.01114650199755185,-0.013953644515257158
2026-03-19,-0.00013883839460276893,-0.002464288275344284
2026-03-20,-0.013048407531463607,-0.014335787930812693
2026-03-23,0.020501115420199473,0.010499991225476402
2026-03-24,0.006279822548008679,-0.0033568144771775055
2026-03-25,0.004408036696022057,0.0055726882440485515
2026-03-26,-0.011704876909359088,-0.017858729983344035
2026-03-27,-0.02616622236392334,-0.01705189415742525
2026-03-30,-0.011295653153792704,-0.0033433906874337227
2026-03-31,0.03879337144944282,0.029067865784757174
2026-04-01,0.007808601292875789,0.00753449141030349
2026-04-02,-0.015612906627084998,0.0009004595313388819
2026-04-06,0.008247751801371205,0.004726845083763864
2026-04-07,-0.009248073584204285,0.0004400005646272298
2026-04-08,0.02841089138867211,0.02546963651219092
2026-04-09,0.0014419123937073884,0.005769017699185586
2026-04-10,-0.0064228839414234296,-0.0006617754265585418
2026-04-13,0.0056044326647027055,0.009772447246481741
2026-04-14,0.007397228182390638,0.012184877209840739
2026-04-15,-0.0043042481705558916,0.007890969227043909
2026-04-16,0.007055871949334647,0.002457347646937613
2026-04-17,0.014293131939261369,0.012085686101644066
2026-04-20,-0.004724046053401206,-0.0019997351150194964
2026-04-21,-0.009104161742021022,-0.006546892848539487
2026-04-22,0.012024321652932098,0.01012671209511895
2026-04-23,-0.00029669770956518987,-0.0038807408683984024
2026-04-24,-0.007522418197117685,0.007749309237231605
2026-04-27,-0.00571553883927938,0.001722787837563633
2026-04-28,-0.013930582602440083,-0.004865992267119479
2026-04-29,0.00016722307554251775,-0.00015450932498595193
2026-04-30,0.01001212683295043,0.009949633527564838
2026-05-01,-0.00752143848230349,0.0027690952923506984
2026-05-04,0.008829333027369848,-0.0036633921467564834
2026-05-05,-0.004155346711678692,0.008022228723942426
2026-05-06,-0.04286836038606848,0.013899399692774095
2026-05-07,-0.013922445815896637,-0.0030660824190705815
2026-05-08,-0.005947952495834564,0.00825609701116825
2026-05-11,0.014476813454002063,0.002277563042387465
2026-05-12,0.012644516448346625,-0.0015149526145865622
2026-05-13,0.0012207866501845832,0.00559483781461112
2026-05-14,0.006820854627979897,0.0078943149045545
2026-05-15,-0.0021187848886880566,-0.012029343756796207
2026-05-18,0.017388535988681085,-0.0007035093177317764
2026-05-19,-0.0033934873439123324,-0.0066607880874933745
2026-05-20,0.012778309291658352,0.010248994582563453
2026-05-21,0.006066698262437166,0.0019830877010671433
2026-05-22,0.00019169981023307197,0.003931549076803931
2026-05-26,-0.008100792930109348,0.006638641352187502
2026-05-27,0.0008889064607587368,-0.0001732421647460125
2026-05-28,-0.004371048873922342,0.005516578600909927
2026-05-29,-0.016057947229883452,0.0024914048034492264
2026-06-01,-0.004580497530207063,0.0027231134609038143
2026-06-02,-0.011420371042150698,0.0013579397972762752
2026-06-03,-0.010532591601323079,-0.00701718232049986
2026-06-04,0.016789270449439068,0.0037786857621391334
2026-06-05,-0.004584071201034579,-0.025809371248925683
2026-06-08,-0.0025215984752782108,0.002264172608771542
2026-06-09,0.018910377504628227,-0.0029354505508077944
2026-06-10,-0.019239568631654717,-0.015765562508027298
2026-06-11,0.010419610582641218,0.016996847886747934
2026-06-12,0.0025120933562917547,0.005408247901529384
2026-06-15,0.008256866256402698,0.01763396989375332
