date,strategy,spy
2021-01-08,1.0,1.0
2021-01-11,0.9995858851836389,0.9932591741635882
2021-01-12,1.0192420868231669,0.9934689695006729
2021-01-13,1.0107139862141192,0.9961443603235315
2021-01-14,1.032265331959079,0.9926558824979621
2021-01-15,1.0143567813491574,0.985416782730474
2021-01-19,1.027488566025845,0.9931542364730436
2021-01-20,1.0128224861235136,1.0068981923502267
2021-01-21,0.9971146649919456,1.0078161369994771
2021-01-22,0.9998033198488134,1.0042490559610053
2021-01-25,0.9872812937199414,1.0082096333280186
2021-01-26,0.981042635046426,1.0066358881458675
2021-01-27,0.9610641286119678,0.9820332425954497
2021-01-28,0.9545907855167765,0.9904789256941898
2021-01-29,0.9332938913470452,0.9706499445134958
2021-02-01,0.9602069579544991,0.9868069069651733
2021-02-02,0.9686500990199796,1.0007605781354358
2021-02-03,0.9814711245649579,1.001547490748514
2021-02-04,0.98540952322704,1.0129307888304675
2021-02-05,1.0010760543062027,1.0169175405871134
2021-02-08,1.026558480766822,1.0242616580891513
2021-02-09,1.0172224884897534,1.023579683166618
2021-02-10,1.020367867416337,1.0231337580148065
2021-02-11,1.0146065499649837,1.0247861864538652
2021-02-12,1.0286104499154918,1.0298484094615858
2021-02-16,1.0268694441087582,1.0289565591579628
2021-02-17,1.0197118526205124,1.0291926889726897
2021-02-18,1.0001812111888868,1.0248124408875023
2021-02-19,1.020504047884794,1.023002645934629
2021-02-22,1.026230184581825,1.0151340000678775
2021-02-23,1.0153005237342798,1.0163667577887618
2021-02-24,1.0689216820124312,1.0275664349232634
2021-02-25,1.0493457263882526,1.002806422859031
2021-02-26,1.0467753543904772,0.9976393422047706
2021-03-01,1.0733475940821147,1.0218223170370144
2021-03-02,1.067976927394173,1.013848813523723
2021-03-03,1.0729176495521602,1.000419670718174
2021-03-04,1.0562342984043565,0.9880396646860579
2021-03-05,1.068824026381785,1.0062162174276932
2021-03-08,1.0835939480682157,1.0012065032872473
2021-03-09,1.0786613157824705,1.0155012419627816
2021-03-10,1.0860374575327265,1.0218223170370144
2021-03-11,1.095822261887213,1.0321827327791726
2021-03-12,1.1094141684544112,1.0335728570138718
2021-03-15,1.10449052734144,1.039736645618295
2021-03-16,1.0914947495274498,1.038425204640503
2021-03-17,1.0966542409171574,1.0419661112893426
2021-03-18,1.0852260907401183,1.0268058567878275
2021-03-19,1.0862070541876514,1.0215600928766597
2021-03-22,1.0762445826473386,1.0297172173374036
2021-03-23,1.0457380486750492,1.0216125216999299
2021-03-24,1.0088249696652578,1.016419186612032
2021-03-25,1.0309751053218204,1.0221371301086488
2021-03-26,1.0185836504648644,1.0386088255879555
2021-03-29,1.0051929120636334,1.0380842171792368
2021-03-30,1.019980624048156,1.0353302231434758
2021-03-31,1.0153592867648398,1.039526770237206
2021-04-01,1.0236384215220493,1.0507527018053449
2021-04-05,1.0196966736026194,1.0658342730499524
2021-04-06,1.0220378078626569,1.0652048069946938
2021-04-07,1.0182187034591417,1.0664375647155786
2021-04-08,1.0076103005894685,1.0714997076792945
2021-04-09,1.01115574552506,1.0792896702891388
2021-04-12,1.0087728367731168,1.0796831666176803
2021-04-13,0.9981032932946738,1.082883005761248
2021-04-14,0.9995796235465603,1.0791848126425991
2021-04-15,1.0008721828994651,1.090777906061637
2021-04-16,1.00458499698646,1.094423750401021
2021-04-19,0.9959691226723364,1.0890467943656712
2021-04-20,0.9809148131837077,1.0810732908523797
2021-04-21,0.9970485703423163,1.0913025144703559
2021-04-22,0.9841934731653499,1.081335515012734
2021-04-23,1.0041012453245226,1.0930598005559544
2021-04-26,1.015763978899532,1.0953416950502717
2021-04-27,1.015901206851871,1.0951056452795496
2021-04-28,1.0145413611165093,1.0947909122519204
2021-04-29,1.0163403366922654,1.1017677878590542
2021-04-30,1.0048452111198487,1.094528608047561
2021-05-03,1.0157596655141212,1.0968892658427907
2021-05-04,1.0087400406119336,1.0901221855727412
2021-05-05,1.014184122192384,1.090463173034008
2021-05-06,1.0149123467870718,1.099171160337108
2021-05-07,1.0284689886478449,1.1071709182840366
2021-05-10,1.0070979015371833,1.0962072909202571
2021-05-11,0.994715287951953,1.0864239124100872
2021-05-12,0.9649725558845673,1.0633425832185508
2021-05-13,0.9775652902803437,1.076116005535204
2021-05-14,0.9871726455010089,1.0926401298377804
2021-05-17,0.9936238581402583,1.0898598813683817
2021-05-18,0.9815917133961575,1.0804699991867535
2021-05-19,0.9639477216044022,1.0776372418500801
2021-05-20,0.9673620491942972,1.0892304153131231
2021-05-21,0.9738687396102783,1.0883386450535053
2021-05-24,0.98116772853825,1.0994334645414672
2021-05-25,0.9651313348580127,1.0969941234893303
2021-05-26,0.9763215021535205,1.099171160337108
2021-05-27,0.9772063314886609,1.0997481975690966
2021-05-28,0.9799035725634853,1.1017153590357847
2021-06-01,0.9955882086180707,1.1007449055192593
2021-06-02,0.9906640982608151,1.10247593717122
2021-06-03,0.9961014214637602,1.0983842477240298
2021-06-04,0.9966087621526045,1.1084299304385588
2021-06-07,1.0006367952950277,1.1073545392314887
2021-06-08,1.007947696462174,1.1075905890022106
2021-06-09,0.9969389429753059,1.105938160563152
2021-06-10,0.9754628479708392,1.111078986783775
2021-06-11,0.9865615993140427,1.1129150361702858
2021-06-14,0.9907860151577718,1.1154068060456923
2021-06-15,0.9933226575793286,1.1133609613220972
2021-06-16,0.9862083855488808,1.107144663850399
2021-06-17,0.9722888093193407,1.1067775019994999
2021-06-18,0.9595418682219704,1.0882862162302354
2021-06-21,0.974760696522691,1.103866061405919
2021-06-22,0.9808837628676432,1.1097675458059828
2021-06-23,0.9798218853547433,1.1084299304385583
2021-06-24,0.9846495190695107,1.114987135327518
2021-06-25,0.9815981532674624,1.1189476326505265
2021-06-28,0.9716121079527529,1.1212033527552112
2021-06-29,0.9805420125842301,1.1218066444208374
2021-06-30,0.9895781367107794,1.122750843503725
2021-07-01,0.9965709216019702,1.1289670609314182
2021-07-02,0.9960156179976085,1.1375963649776106
2021-07-06,0.987541791149216,1.135524265820378
2021-07-07,0.9853381769041984,1.139537272010661
2021-07-08,0.9741756852475978,1.1302523275195775
2021-07-09,0.9909428804329803,1.1423175204800595
2021-07-12,0.9874222437749213,1.14640920992725
2021-07-13,0.9780143953902362,1.1425011414275117
2021-07-14,0.9601818027838226,1.14420599868984
2021-07-15,0.9469320836753672,1.1402979301901017
2021-07-16,0.942558168214221,1.13135389311628
2021-07-19,0.9418269022809236,1.1146461478662515
2021-07-20,0.9603877451106788,1.130619489370477
2021-07-21,0.9811564164921772,1.1397733217813832
2021-07-22,0.982150476554865,1.1421601539662454
2021-07-23,1.0000640841306818,1.153910693943103
2021-07-26,1.0073066898031853,1.1567433712357715
2021-07-27,0.984134759021459,1.1514714329349711
2021-07-28,0.9883915581110047,1.1509992533495224
2021-07-29,1.0003631824183226,1.1557729177192464
2021-07-30,0.9992152159111473,1.1501599919571794
2021-08-02,0.9940665249892396,1.1477469053386802
2021-08-03,0.9999642576883587,1.1570843586970383
2021-08-04,0.998338415154723,1.1513927496780643
2021-08-05,1.0045216693553094,1.158684358312827
2021-08-06,1.0106924769932477,1.16059901091224
2021-08-09,1.0065997110218394,1.1596548118293522
2021-08-10,1.0065091083210194,1.1610973648873215
2021-08-11,1.0059555453287454,1.1639825510472648
2021-08-12,1.0026118608493293,1.1674709488288293
2021-08-13,0.9994970569870915,1.1695955568533365
2021-08-16,0.9915777086210874,1.1723495508890978
2021-08-17,0.9718589282273898,1.1646645259697979
2021-08-18,0.9663142557441217,1.1519172780427775
2021-08-19,0.9605789109767077,1.1537008185620132
2021-08-20,0.9729453564461285,1.1628809054065568
2021-08-23,0.9905409691769801,1.173110209068538
2021-08-24,0.9935399707073446,1.1749724328446811
2021-08-25,0.9950940426009213,1.1774379482864505
2021-08-26,0.9902791951876005,1.1704873271129541
2021-08-27,0.994740623771593,1.1809526005016522
2021-08-30,1.0002251573581888,1.18614593558955
2021-08-31,1.0028882738032587,1.1843885694599467
2021-09-01,1.0093119130481853,1.1850180355152051
2021-09-02,1.0135871464979278,1.1886638798545892
2021-09-03,1.0227589081496304,1.1883753212165922
2021-09-07,1.0203256528282525,1.1841262652555873
2021-09-08,1.0062360057477724,1.1826837121976181
2021-09-09,1.0030871584988974,1.1776215692339023
2021-09-10,0.9953816270970359,1.1683365446988139
2021-09-13,0.993836821791018,1.1713265885052968
2021-09-14,0.987056871904958,1.165005513431064
2021-09-15,1.0063232083252645,1.174736383073959
2021-09-16,1.0058025620623101,1.1728741592978158
2021-09-17,0.9985637667723772,1.1577400791859334
2021-09-20,0.9783114043397891,1.1384357064139583
2021-09-21,0.9835691009938506,1.1373603152068883
2021-09-22,1.0006542898015682,1.148455054650845
2021-09-23,1.0214859519078843,1.1624088058651125
2021-09-24,1.0120164297230392,1.1643235385085304
2021-09-27,1.0144889860374842,1.1609925072407807
2021-09-28,0.9892524851907174,1.1375963649776102
2021-09-29,0.9881543199419888,1.1395110976210283
2021-09-30,0.9810917324100283,1.1255836008403979
2021-10-01,0.9904455638620456,1.1389602347786718
2021-10-04,0.9806405454825718,1.124272159862606
2021-10-05,0.9874506771605356,1.1359701909721889
2021-10-06,0.9657823074006137,1.140691346474638
2021-10-07,0.9772750399913939,1.150553408241715
2021-10-08,0.9741951791715314,1.1484550546508447
2021-10-11,0.9697672938694367,1.1401405636762867
2021-10-12,0.9793288592535176,1.1373340607732507
2021-10-13,0.984503557964156,1.141425750220441
2021-10-14,0.9929601240272482,1.1606252653458764
2021-10-15,0.9934563165118845,1.1694643647291534
2021-10-18,1.0001622688023828,1.1729265881210853
2021-10-19,1.002577362502015,1.1819755628854518
2021-10-20,1.0082688767742318,1.1866180351309934
2021-10-21,1.0096068795135933,1.1897130166280212
2021-10-22,1.0177090573270131,1.1884802589071366
2021-10-25,1.0234745289156324,1.1948538428486444
2021-10-26,1.0190846414779122,1.1959292340557144
2021-10-27,1.0030123913574578,1.1906310413212768
2021-10-28,1.01896418838921,1.2021192770937752
2021-10-29,1.018853254682392,1.2045585381019068
2021-11-01,1.0276495939286212,1.2066306372591395
2021-11-02,1.0780129543107086,1.2115091592754033
2021-11-03,1.0915986054801985,1.218905705600711
2021-11-04,1.0914029537770926,1.2246498234869603
2021-11-05,1.1001074771563755,1.2288988794479654
2021-11-08,1.1006492907682397,1.2299480162213978
2021-11-09,1.0669994978658572,1.2258825812078449
2021-11-10,1.0343490056140485,1.2160205194407678
2021-11-11,1.070684986043025,1.2164139357253045
2021-11-12,1.0613764914595731,1.2255940225698478
2021-11-15,1.0395252787070577,1.2260136932880221
2021-11-16,1.0554268921595233,1.2308660409146532
2021-11-17,1.0448537808506808,1.22787599710817
2021-11-18,1.0521140759230945,1.232046369812268
2021-11-19,1.039786720123637,1.229843158574858
2021-11-22,1.021244702153077,1.226380935182926
2021-11-23,1.0210468027771702,1.2280071091883473
2021-11-24,1.0342050140937575,1.231285711632827
2021-11-26,0.9926340947090043,1.2038241343561036
2021-11-29,1.0146597098375854,1.2185909725730817
2021-11-30,0.9837433636940374,1.194880097282282
2021-12-01,0.9391497967492218,1.1816083209905477
2021-12-02,0.968460179837465,1.1997061904752757
2021-12-03,0.9352032966415045,1.1892671715202148
2021-12-06,0.9508556466957104,1.2033520348146598
2021-12-07,0.9703147084382101,1.2282431589590692
2021-12-08,0.969086963968674,1.2314955069699116
2021-12-09,0.9562817073235019,1.2231810159953536
2021-12-10,0.9613269235919503,1.2346954261574843
2021-12-13,0.9499186999644629,1.2237580532273422
2021-12-14,0.9383045653642625,1.2153385445182343
2021-12-15,0.947996577571434,1.2343282643065852
2021-12-16,0.9373659554628294,1.2234433201997128
2021-12-17,0.9387113915465364,1.2061847121073277
2021-12-20,0.9336374563222005,1.193358860967405
2021-12-21,0.9490097012700764,1.2145517119491611
2021-12-22,0.9522198023263305,1.2266956682105552
2021-12-23,0.9538756456167441,1.234328264306585
2021-12-27,0.9629843087154379,1.2517966677360541
2021-12-28,0.9628057396955924,1.250773705352254
2021-12-29,0.960422649931338,1.2523737049680426
2021-12-30,0.9590801698718419,1.2489114815761109
2021-12-31,0.9595170399555393,1.2457639912118081
2022-01-03,0.9607272334196708,1.2529769165896638
2022-01-04,0.9655979311553188,1.2525572458714898
2022-01-05,0.9435367165931794,1.2285054631634282
2022-01-06,0.9472905474313359,1.227351388699451
2022-01-07,0.9457059736562927,1.2224990410728198
2022-01-10,0.9362091758498612,1.2209778047579434
2022-01-11,0.9440380493046918,1.2320987986355376
2022-01-12,0.9472228668372473,1.2354298299032873
2022-01-13,0.9392910862853107,1.2184073516256293
2022-01-14,0.9425034853913805,1.2189057056007107
2022-01-18,0.9325912735408057,1.1973193582904134
2022-01-19,0.9212309057782692,1.1848869234350272
2022-01-20,0.9151549094121179,1.1717725136571076
2022-01-21,0.8993080918747329,1.1487698677224785
2022-01-24,0.9076096058492794,1.153648389738742
2022-01-25,0.9083780962151957,1.1395635264442974
2022-01-26,0.9057975161331369,1.1367045947179917
2022-01-27,0.9008495143046648,1.1310915889119197
2022-01-28,0.9014869166285677,1.1591827122879068
2022-01-31,0.9019794465645522,1.180060830242033
2022-02-01,0.9101108290218923,1.1880344137993295
2022-02-02,0.919072710963206,1.1995750783950976
2022-02-03,0.919531846034039,1.1713790973725708
2022-02-04,0.9195074397693285,1.1768871654880981
2022-02-07,0.9181491156327598,1.1731102090685368
2022-02-08,0.9161393820698908,1.1827623954545243
2022-02-09,0.9230981863906407,1.2000734323701792
2022-02-10,0.9181117168567737,1.1785133394935192
2022-02-11,0.9251989488351751,1.1552745637441635
2022-02-14,0.9195314272921883,1.1514976073246022
2022-02-15,0.9217997140230212,1.1700676563947792
2022-02-16,0.9244680226003393,1.171379097372571
2022-02-17,0.9225012186801549,1.1463567811039792
2022-02-18,0.9166455043473715,1.138934060389039
2022-02-22,0.9114522881987103,1.1267114208707374
2022-02-23,0.899170982750736,1.1067250731762288
2022-02-24,0.8973986171093299,1.1233803095589825
2022-02-25,0.9052262818903959,1.1481665760568525
2022-02-28,0.9082242765997027,1.1452289610736393
2022-03-01,0.9043164635928107,1.1277868120778072
2022-03-02,0.9135683646835124,1.1485338179517564
2022-03-03,0.9110416271451499,1.1428158744551398
2022-03-04,0.9099041757217077,1.1335309299640564
2022-03-07,0.9013974811522651,1.100115359419994
2022-03-08,0.9022054565226144,1.0917746140117983
2022-03-09,0.9062293986316197,1.1210459862413953
2022-03-10,0.9096230798899839,1.1159838432776799
2022-03-11,0.9068814101608013,1.1017940422926902
2022-03-14,0.89882232450809,1.0937417754784864
2022-03-15,0.9001904927707111,1.1177936382305529
2022-03-16,0.8993459068896112,1.1425798246844179
2022-03-17,0.905067341665534,1.1568745633599522
2022-03-18,0.9051399556811076,1.1659234580803137
2022-03-21,0.9116094504548116,1.165582550663052
2022-03-22,0.9130383893276908,1.1792214888056853
2022-03-23,0.9166833567166457,1.164034979870533
2022-03-24,0.9215277862950976,1.1815820665569097
2022-03-25,0.9258904981634014,1.1873524388767962
2022-03-28,0.9241024994333517,1.1957981219755365
2022-03-29,0.9280636622749889,1.210591134582147
2022-03-30,0.9245666260834586,1.2031159850439368
2022-03-31,0.9237179903328616,1.184598444841035
2022-04-01,0.9276112273281726,1.1879557305424222
2022-04-04,0.9307986146719642,1.1981324452931237
2022-04-05,0.9258911248157595,1.1829984452252464
2022-04-06,0.9182759230068499,1.1711692219914813
2022-04-07,0.913747644302886,1.177070706391545
2022-04-08,0.9122010868686238,1.1739232960712473
2022-04-11,0.9053369381469929,1.1538582651198315
2022-04-12,0.9087117004804719,1.149582954725189
2022-04-13,0.9183555935490851,1.1627497933263784
2022-04-14,0.9216439685094682,1.148271513747397
2022-04-18,0.9276332883978061,1.1487436132888411
2022-04-19,0.9266327412770077,1.1672874079253803
2022-04-20,0.9258743409850894,1.1664218120553949
2022-04-21,0.9057753433537723,1.148979663059563
2022-04-22,0.8946631658194031,1.1174526507692863
2022-04-25,0.8875636288667889,1.123931172401339
2022-04-26,0.8797321541295607,1.0913811977272623
2022-04-27,0.8858145970210087,1.0944499247906525
2022-04-28,0.893441169902646,1.122095123014828
2022-04-29,0.8863195178337646,1.080627365700567
2022-05-02,0.886120096693169,1.087132141766257
2022-05-03,0.8984325690101012,1.0921156014730653
2022-05-04,0.9091765201316663,1.125373725459308
2022-05-05,0.9018880980651093,1.0853747756366534
2022-05-06,0.8995557385002303,1.078896254004601
2022-05-09,0.8664174023725543,1.0443529434742036
2022-05-10,0.8654830412654425,1.0467659500486979
2022-05-11,0.865963390589014,1.0301368880555766
2022-05-12,0.8673783204756946,1.0290614968485066
2022-05-13,0.8740518362684158,1.0536641423989244
2022-05-16,0.8768323383286974,1.049388832004282
2022-05-17,0.8798988052412186,1.070975179314579
2022-05-18,0.874820139416368,1.0278024846939846
2022-05-19,0.87091053060258,1.0215075840093844
2022-05-20,0.8693587041561082,1.0219535091611958
2022-05-23,0.8726653479807785,1.0410743410297236
2022-05-24,0.8700944852115782,1.0331270119060647
2022-05-25,0.8737917736674555,1.0422545898833333
2022-05-26,0.8753603220610509,1.0630802790141898
2022-05-27,0.8807313605152711,1.0891779864898516
2022-05-31,0.878769617215928,1.0830666267086986
2022-06-01,0.8814270606448539,1.074306210582329
2022-06-02,0.8858997743376955,1.0947647378622862
2022-06-03,0.8874818235020255,1.0767979804577357
2022-06-06,0.8883860567910986,1.0800765829022154
2022-06-07,0.8930038993006747,1.0904369186003688
2022-06-08,0.8871573055644294,1.0785815209769714
2022-06-09,0.879278462189386,1.0529297386531211
2022-06-10,0.8722997794683701,1.0223993542690022
2022-06-13,0.8540976344568444,0.9835807333439625
2022-06-14,0.8524019033131758,0.9806168639271118
2022-06-15,0.8521431417628937,0.9945968695750169
2022-06-16,0.8402855392431253,0.961679653006036
2022-06-17,0.8385061954466528,0.9596075538488033
2022-06-21,0.8431242741918333,0.9837643542914145
2022-06-22,0.8361475927307089,0.9819808137721787
2022-06-23,0.8329406247876775,0.9916067457245289
2022-06-24,0.836469936118987,1.0231337580148054
2022-06-27,0.8395838649904114,1.019225689515067
2022-06-28,0.8381852864860166,0.9984000003842105
2022-06-29,0.8344521258854598,0.9975869133814997
2022-06-30,0.8294623595856325,0.9894822177440261
2022-07-01,0.832580189484523,0.9999474911327242
2022-07-05,0.8283773248820413,1.0018359693425047
2022-07-06,0.8272746780049138,1.0052195094775294
2022-07-07,0.8342531835511924,1.0202748262884995
2022-07-08,0.8350279700732169,1.0194355648961562
2022-07-11,0.8315804240830783,1.0077899626098434
2022-07-12,0.8305030286109306,0.9988720999256543
2022-07-13,0.8267123594537387,0.9936263360144866
2022-07-14,0.8252075664245796,0.9912133294399922
2022-07-15,0.8297972547611606,1.010150540361068
2022-07-18,0.8278490636365127,1.0018097949528724
2022-07-19,0.8335516652209988,1.0288778759010544
2022-07-20,0.8357278697520484,1.035435080790014
2022-07-21,0.8376304442330362,1.0459791174796245
2022-07-22,0.8342431033129383,1.036274422226362
2022-07-25,0.8360498898308466,1.037533434380884
2022-07-26,0.8354605355023244,1.0252583660393126
2022-07-27,0.8357393078887233,1.0518806018796882
2022-07-28,0.8496934734646618,1.065073694914515
2022-07-29,0.8574031455856379,1.080601111266929
2022-08-01,0.8590034392017454,1.0774011920793563
2022-08-02,0.8639819920253484,1.0702932043920452
2022-08-03,0.8695355759607782,1.0870534585093488
2022-08-04,0.8641183713744691,1.0863190547635455
2022-08-05,0.8638891597128882,1.084483005377035
2022-08-08,0.8691021896035702,1.083223993222513
2022-08-09,0.858549150124651,1.078922508438238
2022-08-10,0.8786184189441432,1.1015841669116002
2022-08-11,0.8742132742715409,1.1015841669116002
2022-08-12,0.8869764552939199,1.1202328992386843
2022-08-15,0.8842889186011027,1.1248491170505888
2022-08-16,0.8832828639008535,1.1270524083320037
2022-08-17,0.8715086234148236,1.1190525703410699
2022-08-18,0.8707187557761329,1.1223049983959172
2022-08-19,0.854473218027946,1.10722342715131
2022-08-22,0.8440333514738002,1.0841682723494062
2022-08-23,0.847798325910282,1.0815453903938221
2022-08-24,0.8497382433288421,1.085007613785754
2022-08-25,0.8582429768895736,1.1003252348010835
2022-08-26,0.8418654104318406,1.06308027901419
2022-08-29,0.8386381352393503,1.0560509745837865
2022-08-30,0.8333395838822788,1.0444578011207435
2022-08-31,0.8323525785375753,1.0365104719970846
2022-09-01,0.8272824859097715,1.0397629000519317
2022-09-02,0.8271223007456856,1.0287991926441473
2022-09-06,0.8303394792891142,1.0249173785780463
2022-09-07,0.8422646253369256,1.0433299810904035
2022-09-08,0.846267360580781,1.0501494901837227
2022-09-09,0.8482695401694362,1.066463819149215
2022-09-12,0.8511735129364025,1.0779258004880756
2022-09-13,0.8394948969600378,1.0310549127488322
2022-09-14,0.8428825057052775,1.0349892356822081
2022-09-15,0.8395627557410622,1.0232386957053505
2022-09-16,0.8352762585995425,1.0112783603914082
2022-09-19,0.8427623339284901,1.0191207518245227
2022-09-20,0.8367129610893502,1.0074227207149398
2022-09-21,0.8322772522202135,0.9898494596389307
2022-09-22,0.8206720582571646,0.9815348886203675
2022-09-23,0.8103199494889948,0.9650894475746983
2022-09-26,0.806741055103535,0.9555421188352504
2022-09-27,0.8113193591370581,0.9531028578271186
2022-09-28,0.8223072888126995,0.9718564478007425
2022-09-29,0.8157021284140644,0.9515553670786047
2022-09-30,0.8133233951072608,0.9368409576848964
2022-10-03,0.8227855723895926,0.9615747153154913
2022-10-04,0.835713048938449,0.991370695953807
2022-10-05,0.8369221836177375,0.9890625470258524
2022-10-06,0.8376488686756174,0.9788595778415136
2022-10-07,0.832831087942044,0.9515553670786046
2022-10-10,0.8314413547204823,0.944289932833474
2022-10-11,0.8304486889606048,0.9383097651765028
2022-10-12,0.828863743400728,0.935214783679475
2022-10-13,0.8323799329268039,0.9598961124868002
2022-10-14,0.821871946096394,0.938021286582511
2022-10-17,0.8286495270108005,0.9621255781578475
2022-10-18,0.8322200724631904,0.9734301929828937
2022-10-19,0.8304848218140336,0.9665320006326673
2022-10-20,0.8267847757584292,0.9584273049951936
2022-10-21,0.8344233668128652,0.9817185095678196
2022-10-24,0.8359494577305991,0.9937312737050317
2022-10-25,0.8390946618398907,1.0095997575627171
2022-10-26,0.843867664650097,1.00199333585632
2022-10-27,0.8462748983147719,0.9966427142986124
2022-10-28,0.8480179992338875,1.0203535095454073
2022-10-31,0.8472712218460922,1.012983217653737
2022-11-01,0.8488852471406211,1.00855054074528
2022-11-02,0.841053699307209,0.9832397458826962
2022-11-03,0.8461256944246681,0.9731154599552648
2022-11-04,0.847646253138872,0.9871216399928022
2022-11-07,0.8517908355185598,0.9965640310417052
2022-11-08,0.848821018225843,1.0019409070330503
2022-11-09,0.8381737124997258,0.9812988388496459
2022-11-10,0.8512341884445109,1.0352252854529307
2022-11-11,0.8513389544076744,1.0452447137338223
2022-11-14,0.850068718803165,1.0363531054832704
2022-11-15,0.8559816017494241,1.0451922048665476
2022-11-16,0.8511545567954767,1.0372187013532561
2022-11-17,0.8485495134620692,1.034044956555316
2022-11-18,0.8514070638830589,1.0387399376681326
2022-11-21,0.8483971505488589,1.0349629812485714
2022-11-22,0.8510750134195103,1.0488904780292014
2022-11-23,0.8506091516925659,1.055500191785436
2022-11-25,0.8502162567275996,1.0552640619707092
2022-11-28,0.8460497535087185,1.0384252046405034
2022-11-29,0.8481882333741914,1.0366416641212677
2022-11-30,0.8585289756047222,1.069296496441884
2022-12-01,0.8588971063185814,1.0685096638728109
2022-12-02,0.8616084694160162,1.0672769061519263
2022-12-05,0.8537753643366958,1.048077391026491
2022-12-06,0.849776055864388,1.032969565348246
2022-12-07,0.848774544971239,1.0312122792626475
2022-12-08,0.8528165780991542,1.0392907204664839
2022-12-09,0.8495046996522987,1.0315270122902769
2022-12-12,0.8516760232638789,1.0463987881978
2022-12-13,0.8552146388971399,1.0543198628878216
2022-12-14,0.8556670569162275,1.0475790370514098
2022-12-15,0.8479630619396021,1.0219535091611969
2022-12-16,0.8471288506505354,1.0052719383008006
2022-12-19,0.8407729936820755,0.996747571945153
2022-12-20,0.8473381121908823,0.9981115217902198
2022-12-21,0.8511296375476293,1.0130357265210126
2022-12-22,0.8448940573776227,0.9985836213316637
2022-12-23,0.8479306234111026,1.0043277392179126
2022-12-27,0.8517555846826932,1.0003671618508994
2022-12-28,0.8431460648958482,0.9879347269955133
2022-12-29,0.851040218067757,1.0057178634526118
2022-12-30,0.8505830959268452,1.0030687270633905
2023-01-03,0.8421536454332043,0.9988459255360229
2023-01-04,0.8518913118863775,1.00655720488896
2023-01-05,0.8521936536213462,0.9950689691164618
2023-01-06,0.8618754148273283,1.0178879941036387
2023-01-09,0.8625606052513466,1.01731095687165
2023-01-10,0.8609974845602029,1.0244451989925984
2023-01-11,0.8567140146275193,1.0374022422567033
2023-01-12,0.859979316431733,1.0411791986762644
2023-01-13,0.8602524344374394,1.045218459300185
2023-01-17,0.8590395308708848,1.0433037266567668
2023-01-18,0.8521058902085878,1.0268320311774604
2023-01-19,0.8517963093027788,1.0193568816392504
2023-01-20,0.8593866297879753,1.0383465213835963
2023-01-23,0.865857270902264,1.0508052106726198
2023-01-24,0.864763459963316,1.0496773906422798
2023-01-25,0.867682312116941,1.0500708069268165
2023-01-26,0.8677617798307665,1.0616114715225846
2023-01-27,0.869669537741072,1.0640507325307165
2023-01-30,0.8575937163980929,1.0507002729820751
2023-01-31,0.8701830107971542,1.0661490861215868
2023-02-01,0.8800708127273582,1.0774798753362655
2023-02-02,0.8829364948276966,1.093164738246499
2023-02-03,0.8777029062200605,1.0815453903938235
2023-02-06,0.8699400092489895,1.0749356766375888
2023-02-07,0.877347687139055,1.0889943655424013
2023-02-08,0.8780319458721512,1.0770864590517288
2023-02-09,0.8662268923323712,1.0677490056933705
2023-02-10,0.8564901148164727,1.070240775568777
2023-02-13,0.8658632624613225,1.0828043225043402
2023-02-14,0.8670165916283465,1.082306048573264
2023-02-15,0.887465090664682,1.0858207007884657
2023-02-16,0.8773543914651397,1.0708702416240354
2023-02-17,0.8740677132097903,1.068194930845182
2023-02-21,0.8546549019279988,1.0467659500486992
2023-02-22,0.8565736578042551,1.04532339699073
2023-02-23,0.8621622951264198,1.050883893929527
2023-02-24,0.8444497621407653,1.0396579623613882
2023-02-27,0.8491604607167293,1.0431988690102274
2023-02-28,0.8579492929031526,1.039343229333759
2023-03-01,0.8607417069508374,1.0353563975331082
2023-03-02,0.8600253131428738,1.043408664347312
2023-03-03,0.8682996094759156,1.0601426640309783
2023-03-06,0.8598162217285359,1.0608770677767816
2023-03-07,0.8534707025324086,1.0446151676345594
2023-03-08,0.8554744565692439,1.0463201049408928
2023-03-09,0.8390730680085743,1.027015652124913
2023-03-10,0.8204299860429886,1.0121963850846647
2023-03-13,0.808831365540561,1.0107537519826906
2023-03-14,0.822743355624971,1.0274615772767242
2023-03-15,0.810049174299605,1.0210354844679415
2023-03-16,0.8232538049016822,1.0389497330052175
2023-03-17,0.8121339367079851,1.0228977082440847
2023-03-20,0.8210778717969445,1.0327335155775244
2023-03-21,0.834283128812115,1.0462938505072554
2023-03-22,0.8252637449206098,1.0284582051828817
2023-03-23,0.822993120624628,1.0312385336962853
2023-03-24,0.8199707962158046,1.0380055339223295
2023-03-27,0.8185055697296746,1.0399464409553802
2023-03-28,0.8179273488457646,1.0376121176377933
2023-03-29,0.822907118500964,1.0526936888824006
2023-03-30,0.8255042389675182,1.0588574774868238
2023-03-31,0.8349928855645719,1.0737816822176165
2023-04-03,0.8335973185549165,1.077873371664807
2023-04-04,0.8299116518957683,1.071893204007836
2023-04-05,0.8239603114744571,1.0690867011048
2023-04-06,0.8252729112561898,1.0732570738088978
2023-04-10,0.8324764484158916,1.0743586394056004
2023-04-11,0.8341178020943842,1.0746471980435972
2023-04-12,0.8323666896135637,1.0702669499584099
2023-04-13,0.8362938078793966,1.084483005377037
2023-04-14,0.8332055716324309,1.0818338689878155
2023-04-17,0.8342551790804663,1.0857157630979213
2023-04-18,0.8399250649599049,1.0864239124100874
2023-04-19,0.837337757621479,1.0862403715066402
2023-04-20,0.8297442951772144,1.080312632672939
2023-04-21,0.8317666343947906,1.0811519741092872
2023-04-24,0.8345639808267904,1.0822797941396272
2023-04-25,0.8178183406186951,1.0650998693041496
2023-04-26,0.8177763536895301,1.060588509138785
2023-04-27,0.8258927147394098,1.0817027569076385
2023-04-28,0.8314651041453814,1.090935272575452
2023-05-01,0.8353099673392212,1.0898337069787496
2023-05-02,0.821268085013723,1.0775848130268106
2023-05-03,0.8233086908878183,1.0701882667015026
2023-05-04,0.813476348588196,1.0626081794727478
2023-05-05,0.8276019144840768,1.082279794139627
2023-05-08,0.8331362402935437,1.0825682727336188
2023-05-09,0.8241333639512334,1.077820862797532
2023-05-10,0.8315692795650893,1.0828568313716154
2023-05-11,0.8235815817444152,1.0809683531618348
2023-05-12,0.8201210063971346,1.0795519744934983
2023-05-15,0.8255574942038165,1.0832765020897894
2023-05-16,0.8228292875642974,1.0760373222782964
2023-05-17,0.8286911907624748,1.0890993032329461
2023-05-18,0.8359354609634401,1.0995908310552815
2023-05-19,0.834297124072456,1.0979908314394926
2023-05-22,0.8347616404119883,1.098436756591304
2023-05-23,0.8279424959289345,1.0861091793824578
2023-05-24,0.8279318804270297,1.078240533515706
2023-05-25,0.8362934569824395,1.087577986874064
2023-05-26,0.8432438533123541,1.1016628501685088
2023-05-30,0.8509261627265297,1.102082520886683
2023-05-31,0.8413069808006118,1.0959712411495346
2023-06-01,0.8610464642550316,1.106384085714963
2023-06-02,0.871193337066586,1.1223836816528259
2023-06-05,0.8710663679108503,1.1202328992386859
2023-06-06,0.8730213814561995,1.1226721602468177
2023-06-07,0.8678690810870119,1.1187902661367117
2023-06-08,0.8995248377615096,1.125557346406761
2023-06-09,0.8820301659131646,1.1275769366967188
2023-06-12,0.8858459498555583,1.137806160314695
2023-06-13,0.8954253936776279,1.1453076443305474
2023-06-14,0.8937803212301125,1.146671514131609
2023-06-15,0.8993302060503399,1.1608875695502359
2023-06-16,0.8956158752471486,1.15265168178858
2023-06-20,0.9014000833126942,1.1466715141316088
2023-06-21,0.9046412381827161,1.1407962841651826
2023-06-22,0.9062366251760718,1.1449142280460105
2023-06-23,0.8992664845860734,1.1362586695661805
2023-06-26,0.9017817539979278,1.131616197320639
2023-06-27,0.9319237719079199,1.1440224577863924
2023-06-28,0.9447529861839808,1.1445994950183809
2023-06-29,0.9489344315168873,1.1491107751397405
2023-06-30,0.9550558739624693,1.1626711100694713
2023-07-03,0.9533329803576828,1.1640088054809008
2023-07-05,0.9515081211813894,1.1622776937849348
2023-07-06,0.9333904614165263,1.1531762901972984
2023-07-07,0.9558469523731261,1.1502648496037178
2023-07-10,0.9870043772008751,1.1531762901972986
2023-07-11,0.9880566563725272,1.1605203276553315
2023-07-12,0.9961398334581125,1.1698577810136899
2023-07-13,0.9911391440255087,1.179142805548778
2023-07-14,0.980576167479461,1.1784084018029748
2023-07-17,0.9920859695650227,1.1825000912501653
2023-07-18,1.0080724272787145,1.1912867618101723
2023-07-19,1.0130986049890678,1.1939358981993937
2023-07-20,0.9935275138041477,1.1860147434653672
2023-07-21,0.9876760659481947,1.1860147434653672
2023-07-24,0.9879086114321531,1.1913130162438097
2023-07-25,0.9966291133303938,1.1945653642546523
2023-07-26,1.011095374054143,1.1947489852021043
2023-07-27,0.9991586215658563,1.186827830468078
2023-07-28,1.0252511747420285,1.198447258364758
2023-07-31,1.0345222485831793,1.2007291528590753
2023-08-01,1.027256900819603,1.197293183900781
2023-08-02,1.0285081406914456,1.180637867474022
2023-08-03,1.0198644359244518,1.1772543273389975
2023-08-04,1.0084766532745857,1.1719298801709226
2023-08-07,1.0154786890373022,1.1821591037888988
2023-08-08,1.011936940109981,1.1770182775682758
2023-08-09,0.9758850048972765,1.169149631701524
2023-08-10,0.9837000415326468,1.169569302419698
2023-08-11,0.9748979369354066,1.1688873274971647
2023-08-14,0.974243423049272,1.1753395946955796
2023-08-15,0.9509263091729183,1.1616482277296765
2023-08-16,0.9312040408045749,1.1531238613740287
2023-08-17,0.9110319011898352,1.1443371908140216
2023-08-18,0.9150156666528644,1.1448879736123727
2023-08-21,0.9201602378794749,1.1523369487609503
2023-08-22,0.90659884145939,1.1492157128302851
2023-08-23,0.9307701082263449,1.1620153895805752
2023-08-24,0.9148963497125555,1.1459109359961728
2023-08-25,0.9152062011389722,1.153989377200009
2023-08-28,0.923746963448651,1.1613072402684095
2023-08-29,0.932476909628265,1.1780936687753452
2023-08-30,0.9414699610775827,1.1829460164019765
2023-08-31,0.9462575180669852,1.1812149047060105
2023-09-01,0.9536262099324859,1.1834181159434205
2023-09-05,0.9407949450246504,1.1783034641124297
2023-09-06,0.9413281723660339,1.1703823894224081
2023-09-07,0.9451508687729077,1.1667890539502987
2023-09-08,0.9438136698382603,1.1685463400358973
2023-09-11,0.9393819874219291,1.176231444999202
2023-09-12,0.9338440821547549,1.1697790977567821
2023-09-13,0.9227428094325953,1.171143047601849
2023-09-14,0.9344805583009181,1.1812410790956431
2023-09-15,0.9305284434692893,1.1629071598401934
2023-09-18,0.9305546077216642,1.1635891347627267
2023-09-19,0.9204364457732004,1.1611760481442273
2023-09-20,0.9090591087676362,1.1505009794184449
2023-09-21,0.8886911057054937,1.1314850852404614
2023-09-22,0.8876980660311261,1.128940886541785
2023-09-25,0.8931648258123336,1.1336882964778716
2023-09-26,0.8845145360560612,1.117032980051113
2023-09-27,0.8906864743266432,1.1174788251589194
2023-09-28,0.9000121890240005,1.1239573467909716
2023-09-29,0.8973765712375394,1.1212296071888481
2023-10-02,0.8925586674720831,1.1207836820370365
2023-10-03,0.8745089706294911,1.1057807940493363
2023-10-04,0.871238738440029,1.11383306086354
2023-10-05,0.8666966624651214,1.113413390145366
2023-10-06,0.8738410903257496,1.1266327376138303
2023-10-09,0.8818252030295248,1.133845662991686
2023-10-10,0.8873348629848148,1.1397471473917495
2023-10-11,0.8850549681957306,1.1444158740709287
2023-10-12,0.8747016999715093,1.137438998463795
2023-10-13,0.8651122355686308,1.1317735638344533
2023-10-16,0.8764347352373493,1.1436814703251255
2023-10-17,0.8803677724144664,1.1436289614578505
2023-10-18,0.8685721811377265,1.1283900236994286
2023-10-19,0.8546701745744246,1.1184755331090817
2023-10-20,0.8470123882931969,1.1047316572759036
2023-10-23,0.8439620060319187,1.1028169246324855
2023-10-24,0.8503438935417486,1.1111314956510485
2023-10-25,0.8406254680569373,1.0951843285364558
2023-10-26,0.8254388664188829,1.082069918758536
2023-10-27,0.8213043420086846,1.077165142308635
2023-10-30,0.8229940530540828,1.0900435023158326
2023-10-31,0.8243052468191876,1.0968892658427891
2023-11-01,0.8290365367185356,1.1085872969523718
2023-11-02,0.8390753304032706,1.1298326568014023
2023-11-03,0.8407913645397369,1.140140563676286
2023-11-06,0.8439714873797309,1.14276344563187
2023-11-07,0.8410221854011468,1.1460157936427124
2023-11-08,0.8382238269063318,1.1468551350790603
2023-11-09,0.8308163827507409,1.1379110980052387
2023-11-10,0.8383354746121912,1.1556679800287
2023-11-13,0.8403215860745474,1.1545664144319976
2023-11-14,0.8511728917857556,1.1769658487450054
2023-11-15,0.849682000541089,1.1794575385764072
2023-11-16,0.847603161428872,1.1809001716783813
2023-11-17,0.8630625918735438,1.1823689791699883
2023-11-20,0.8677065602656175,1.1914703827576247
2023-11-21,0.8654912667497737,1.188873675191673
2023-11-22,0.8688033158647378,1.1934637186139447
2023-11-24,0.8675422678007888,1.1941981223597482
2023-11-27,0.8707880647088195,1.1920474199896132
2023-11-28,0.8703150968938538,1.1932276688432228
2023-11-29,0.8730947937915564,1.1923883274068747
2023-11-30,0.8781654830730315,1.1970833085196912
2023-12-01,0.8899039337178442,1.20416512181737
2023-12-04,0.8923244255281083,1.197843966699132
2023-12-05,0.8866791501356294,1.19760791692841
2023-12-06,0.8784631861122391,1.1927818237354162
2023-12-07,0.8794514080651047,1.2018832273230526
2023-12-08,0.881000015622408,1.207050307977313
2023-12-11,0.876435207232467,1.2117452090461245
2023-12-12,0.8693638399548753,1.217279531595289
2023-12-13,0.8982838740692817,1.2340659601022248
2023-12-14,0.9187612622373109,1.2380265374692379
2023-12-15,0.9070883723804161,1.2309971529948291
2023-12-18,0.9054972878456816,1.237921599778693
2023-12-19,0.9224027242216551,1.2454492581841778
2023-12-20,0.901555473960926,1.228190730135798
2023-12-21,0.9138308915471823,1.2398363324221109
2023-12-22,0.911593925643795,1.2423280222535127
2023-12-26,0.9235952705299844,1.2475737861646805
2023-12-27,0.9710889729015911,1.2498295062693652
2023-12-28,0.9733077288378337,1.2503016058108092
2023-12-29,0.9546166150296291,1.2466820159050627
2024-01-02,0.9391605201437829,1.2397051402979287
2024-01-03,0.9026021156086256,1.2295808543704974
2024-01-04,0.9049948655022312,1.225620277003484
2024-01-05,0.9112358814373251,1.22729895987618
2024-01-08,0.9404250412528327,1.2448197921289195
2024-01-09,0.9224150974949274,1.2429313139191387
2024-01-10,0.9262008516289405,1.2499606183495424
2024-01-11,0.9209922737402536,1.2494098355511911
2024-01-12,0.9080283114822498,1.2502753513771718
2024-01-16,0.9003227687635388,1.2456853079549002
2024-01-17,0.896363212868359,1.238760941215041
2024-01-18,0.8910537344378406,1.2497769974020905
2024-01-19,0.9056951600166978,1.2653569226217796
2024-01-22,0.91645272096494,1.2680323134446383
2024-01-23,0.9124161419263584,1.2717305065632871
2024-01-24,0.9109808523351878,1.2731207108419915
2024-01-25,0.9139976421433812,1.2800450775818504
2024-01-26,0.9185344709487102,1.2784189035764293
2024-01-29,0.9231469584937556,1.2885431895038606
2024-01-30,0.9224479418894675,1.2875465615977029
2024-01-31,0.9026752202373499,1.2665372515193942
2024-02-01,0.9141703232116217,1.2831138846892458
2024-02-02,0.9239046421750837,1.2966217107517017
2024-02-05,0.9153001995253296,1.2919004752052476
2024-02-06,0.9115523330459491,1.2956512572351764
2024-02-07,0.9138210533449788,1.3064575180851412
2024-02-08,0.9306408646672804,1.3070345553171299
2024-02-09,0.9400430718792094,1.3145884681562523
2024-02-12,0.9413431029501323,1.3140114309242636
2024-02-13,0.9303063028853418,1.2959134813955306
2024-02-14,0.9454181591011729,1.3076902758060258
2024-02-15,0.9548242984381299,1.3167129961367547
2024-02-16,0.9487655104331595,1.310155791247795
2024-02-20,0.937821567945926,1.3029428658699393
2024-02-21,0.9251973244074622,1.3041231147235488
2024-02-22,0.9565129696792738,1.3311125924588285
2024-02-23,0.961869405317741,1.332030617152084
2024-02-26,0.9729203376685701,1.3271520150918152
2024-02-27,0.9751977848394761,1.3296175305335847
2024-02-28,0.972182218325589,1.3278602444479863
2024-02-29,0.9833903995107692,1.3326338287737052
2024-03-01,0.9965448952973918,1.3451449468859986
2024-03-04,1.0063345695346766,1.3437023938280295
2024-03-05,1.004989862622841,1.3302732510224806
2024-03-06,1.0155179247031891,1.3370140768588923
2024-03-07,1.0210580192744998,1.3502858531506265
2024-03-08,1.006764838705182,1.3421811575131528
2024-03-11,0.9893345346998529,1.3410270830491753
2024-03-12,1.0040919441632985,1.3554530138488918
2024-03-13,1.0165129143981677,1.3533283257803794
2024-03-14,1.0127708060537315,1.3506530950455307
2024-03-15,1.0149738552077463,1.3372238721959768
2024-03-18,1.0276023139095605,1.3451712013196357
2024-03-19,1.0237791089835317,1.3526465109458559
2024-03-20,1.0541754400054617,1.365157549014144
2024-03-21,1.0685637427221097,1.3696689892235137
2024-03-22,1.0648334093659164,1.3670723617015672
2024-03-25,1.0751101036100978,1.3632954052820059
2024-03-26,1.0675283462804621,1.3607773809729617
2024-03-27,1.0542929622360664,1.372213107878185
2024-03-28,1.062290035081065,1.3719508837178305
2024-04-01,1.05686538396308,1.3695639714889634
2024-04-02,1.0428170875063147,1.3608561442738736
2024-04-03,1.0600605848056242,1.3623510461111077
2024-04-04,1.0365268432877006,1.3457220641619916
2024-04-05,1.057621111167239,1.3597806730227988
2024-04-08,1.0675896031989038,1.3605412511582344
2024-04-09,1.0401240252088217,1.3621150763843908
2024-04-10,1.0419919823751091,1.3484760581977524
2024-04-11,1.0534135579684198,1.3586528529924589
2024-04-12,1.048975328069461,1.339899263018835
2024-04-15,1.0083579344070805,1.323112834511899
2024-04-16,1.0057054616029368,1.3206997478933997
2024-04-17,0.9965225096984706,1.3128835308499178
2024-04-18,0.9882820853302826,1.3101819656374267
2024-04-19,0.9747464971692776,1.2987462387322035
2024-04-22,0.9834642526384441,1.3107065740461457
2024-04-23,1.0100390471378469,1.3262602448321972
2024-04-24,1.01230396704555,1.3256307787769386
2024-04-25,1.0214277798873905,1.3205948102028553
2024-04-26,1.0405265438398816,1.3331060083591535
2024-04-29,1.037217009744199,1.3378271638616026
2024-04-30,1.022908758265131,1.3166343128798468
2024-05-01,1.0103127672338996,1.3123590024852043
2024-05-02,1.0355615026960372,1.324634070826776
2024-05-03,1.0491932804786888,1.3410533374828129
2024-05-06,1.0648971360462143,1.3549021510065358
2024-05-07,1.0599204252472947,1.3563972129317796
2024-05-08,1.0615740627551722,1.3565283250119569
2024-05-09,1.068798857839412,1.3643444620114338
2024-05-10,1.065952637874199,1.3661019081850423
2024-05-13,1.0634666634901486,1.3662853690444843
2024-05-14,1.0755026863583208,1.3725540953394524
2024-05-15,1.0967827601912654,1.3895504792714828
2024-05-16,1.081199399465062,1.386691467501172
2024-05-17,1.086778461304931,1.3886848834014973
2024-05-20,1.0934531452184157,1.390284802973281
2024-05-21,1.0920067727927019,1.393694517497938
2024-05-22,1.084924307796269,1.38968159135166
2024-05-23,1.0899353514862298,1.379531050990591
2024-05-24,1.1119452606257834,1.3886586289678595
2024-05-28,1.111045359254619,1.3896290824843849
2024-05-29,1.1037455427007876,1.3798981327974849
2024-05-30,1.1180751682982255,1.3707443003865787
2024-05-31,1.110526226769605,1.3832292441092395
2024-06-03,1.092495599356855,1.3843570641395795
2024-06-04,1.0680089839479727,1.3859046349320985
2024-06-05,1.1000468118894926,1.4023762503674
2024-06-06,1.0826188136289228,1.4023499959337626
2024-06-07,1.0663010987905972,1.4006452187154392
2024-06-10,1.0782629128052548,1.4049728778893469
2024-06-11,1.0660337651544642,1.4083564980683765
2024-06-12,1.0599255938700325,1.419923337053777
2024-06-13,1.064668274398197,1.4227823488240878
2024-06-14,1.05132776521341,1.4236479446940733
2024-06-17,1.0379901362235695,1.434978653864747
2024-06-18,1.0415057235554825,1.4386244982041312
2024-06-20,1.0391848383527946,1.4347164297043926
2024-06-21,1.0344443954670384,1.4281854792490702
2024-06-24,1.0286348433359256,1.4235429269595237
2024-06-25,1.0459343992111911,1.4290248206854186
2024-06-26,1.0184825942606965,1.4308083612046545
2024-06-27,1.0057132818576975,1.4330640012653344
2024-06-28,1.0061293997799923,1.4274247410256249
2024-07-01,1.0111996480174583,1.430362516096848
2024-07-02,1.0104034524536376,1.439988448049198
2024-07-03,1.0166051103600413,1.4464145408579805
2024-07-05,1.015728645497041,1.454755286266176
2024-07-08,1.0179103837159291,1.4564339691388721
2024-07-09,1.0159642360565386,1.4578502677632037
2024-07-10,1.019683346311174,1.472276118518915
2024-07-11,1.0215644290605046,1.4595812994151647
2024-07-12,1.0334133363616984,1.4687876406933456
2024-07-15,1.0296519301860543,1.4728269813612709
2024-07-16,1.0404256363550817,1.4815610630099982
2024-07-17,1.0112313057522528,1.4607878827464167
2024-07-18,1.0018625864029784,1.4495618711342728
2024-07-19,0.9985242320343374,1.4399359391819226
2024-07-22,1.0093883527867622,1.4547815406998132
2024-07-23,1.0144372577072656,1.4524996462054962
2024-07-24,0.9784546380503033,1.4195823495925102
2024-07-25,0.9806603325568699,1.4121858032672023
2024-07-26,0.9922809166455443,1.428001858301618
2024-07-29,0.9929880935928015,1.428841199737966
2024-07-30,0.9709329905557239,1.4216020199264727
2024-07-31,0.9827552810258037,1.4447096035516465
2024-08-01,0.9700101968565925,1.424251156315694
2024-08-02,0.9423011085646829,1.3977338581658634
2024-08-05,0.9241147467080046,1.3570266789870382
2024-08-06,0.9723905373240175,1.3695378771433364
2024-08-07,0.9793668802041008,1.3603838846444205
2024-08-08,0.9889188429139708,1.3918323737657998
2024-08-09,0.988748432325336,1.3979698278925807
2024-08-12,0.9734422603580779,1.3987043116823887
2024-08-13,0.9875001917693685,1.421706877573013
2024-08-14,0.9924038829864325,1.426192063348745
2024-08-15,0.9953574538758255,1.4506373423853482
2024-08-16,0.9994364737113512,1.4538896903961906
2024-08-19,1.0002745093871335,1.4677909327431833
2024-08-20,0.9986565678891705,1.4654041806023264
2024-08-21,1.0023602485168244,1.4704400691324047
2024-08-22,0.9993852190770551,1.4588993244926316
2024-08-23,1.0066568386923116,1.474400646499418
2024-08-26,1.0072349687466402,1.4708859142402109
2024-08-27,1.000558996513656,1.4729055845741736
2024-08-28,1.003267448888197,1.4643549637848887
2024-08-29,1.003908189111725,1.464486075865066
2024-08-30,1.0074773532288042,1.4784660815129709
2024-09-03,0.9911166468063993,1.4480407148634016
2024-09-04,0.9966161459927131,1.445076845446551
2024-09-05,0.9948567476602146,1.4415621131873442
2024-09-06,0.9940217371817908,1.4173004550981931
2024-09-09,1.0037542037878315,1.4331688589118736
2024-09-10,1.001839877284063,1.439411330773204
2024-09-11,1.0042166652982976,1.454178168990182
2024-09-12,1.0137152452321614,1.4664271429861262
2024-09-13,1.0271689467212899,1.4740859134717883
2024-09-16,1.0300821295999478,1.476262950319566
2024-09-17,1.0314985191144002,1.476866161941187
2024-09-18,1.0381451368297847,1.4724859939000048
2024-09-19,1.0462296642832287,1.4976130877711311
2024-09-20,1.0492950750454244,1.4904526712605501
2024-09-23,1.0594123947807925,1.4941771188128365
2024-09-24,1.0627070435453043,1.498452429207479
2024-09-25,1.0584553606114726,1.495147572329362
2024-09-26,1.055634861118367,1.501075311163063
2024-09-27,1.0588420546986022,1.4988982743152857
2024-09-30,1.0545483136898586,1.5049047764498993
2024-10-01,1.0484925188685041,1.4914231247770755
2024-10-02,1.0554290813366378,1.4920525908323339
2024-10-03,1.0613559122075664,1.4893248512302102
2024-10-04,1.0719550395215325,1.5028588516822987
2024-10-07,1.0591574054493638,1.4892723423629355
2024-10-08,1.0681047266707868,1.5033572056573803
2024-10-09,1.0647768002780398,1.5137701302668134
2024-10-10,1.0606492093653968,1.511120993877592
2024-10-11,1.0569800211011717,1.5201699686419585
2024-10-14,1.0560795160718268,1.5326024034973444
2024-10-15,1.0498950116439476,1.5206945770506772
2024-10-16,1.0665328647275945,1.5273041307189017
2024-10-17,1.055331700147577,1.527435242799079
2024-10-18,1.057874876261766,1.533310632853515
2024-10-21,1.060307883552545,1.530792608544471
2024-10-22,1.0538203486971645,1.5299795215417604
2024-10-23,1.0535107568304956,1.5159995158938553
2024-10-24,1.0624871073566853,1.5192781183383355
2024-10-25,1.0648517111155775,1.5187535099296168
2024-10-28,1.0641349517490397,1.5234485710864383
2024-10-29,1.0651332112935976,1.5259140865282073
2024-10-30,1.0556081771303414,1.521297788672298
2024-10-31,1.0311370713318118,1.4914756336443502
2024-11-01,1.0304514504127942,1.4977704542849453
2024-11-04,1.0207965606213814,1.4945443607077404
2024-11-05,1.0496988357044956,1.5126160558028359
2024-11-06,1.1195065599569927,1.5502280933966233
2024-11-07,1.166329279842048,1.562214683144203
2024-11-08,1.1958594965787643,1.5689817634142522
2024-11-11,1.2189291072567585,1.5704768253394965
2024-11-12,1.2099514942290956,1.565598303323233
2024-11-13,1.1967278739355756,1.5663588814586689
2024-11-14,1.1674152663778952,1.5562869443105023
2024-11-15,1.1673258373493938,1.5363531054832686
2024-11-18,1.1841144323313373,1.5426480862118739
2024-11-19,1.211745052352655,1.5482871863635734
2024-11-20,1.207167693469076,1.5488117947722921
2024-11-21,1.2245580527646853,1.5571262857468502
2024-11-22,1.250264786798282,1.561952458983849
2024-11-25,1.262866312817422,1.5672507317622917
2024-11-26,1.266175564865233,1.5754341106566725
2024-11-27,1.261326338817495,1.5706604462869485
2024-11-29,1.2716688840501256,1.5804174903194759
2024-12-02,1.2705502441206693,1.5832502476561494
2024-12-03,1.2874559053779355,1.5839845713579475
2024-12-04,1.3088223715102976,1.593820378691387
2024-12-05,1.306369800518052,1.591197496735803
2024-12-06,1.327779724501857,1.5942138750199284
2024-12-09,1.2813711468566433,1.58600424169191
2024-12-10,1.2590036384456016,1.5810732108083716
2024-12-11,1.2775225012737508,1.5932959303706782
2024-12-12,1.2833848850575407,1.5850862970426598
2024-12-13,1.2805872103678562,1.5847715640150306
2024-12-16,1.3001448909793027,1.59153848419707
2024-12-17,1.2813349623862809,1.5849812793081104
2024-12-18,1.2000736972007522,1.5377433097619728
2024-12-19,1.1910894468622337,1.5372710501325189
2024-12-20,1.211928346254476,1.5505167320786255
2024-12-23,1.2135960932780172,1.559801676569709
2024-12-24,1.2235784479478558,1.577138887874996
2024-12-26,1.2295295335932361,1.5772439056095455
2024-12-27,1.2111806213451726,1.5606410180060566
2024-12-30,1.1977845858394718,1.5428315470713159
2024-12-31,1.1853401128064696,1.537218701353254
2025-01-02,1.1945833347989185,1.5334417449336926
2025-01-03,1.2107788874992256,1.5526150056254906
2025-01-06,1.2250657700447825,1.5615589626553072
2025-01-07,1.2065641218931658,1.5439070183223909
2025-01-08,1.2001253857726202,1.5461626583830708
2025-01-10,1.1937630454945636,1.5225567207828155
2025-01-13,1.180683068459717,1.5249173785780448
2025-01-14,1.1773103170245778,1.5270156521249099
2025-01-15,1.1930839240539615,1.5547920424732677
2025-01-16,1.2030065315855694,1.5518019186227796
2025-01-17,1.207984058786742,1.5673818438424683
2025-01-21,1.2280955184402416,1.5817289312972675
2025-01-22,1.234085248447912,1.5906205395478192
2025-01-23,1.2385920635125882,1.5993022724172816
2025-01-24,1.241959698170297,1.5946334656940977
2025-01-27,1.1919111964638531,1.5720767449112802
2025-01-28,1.2090997889045794,1.5855846510177412
2025-01-29,1.2174535152836852,1.5784765832864252
2025-01-30,1.2322908549803713,1.586948440774798
2025-01-31,1.2297792745858835,1.578502837720063
2025-02-03,1.2285827134703835,1.5678801978175503
2025-02-04,1.2498584291708865,1.5783979800735233
2025-02-05,1.2541968224297708,1.5847976583606587
2025-02-06,1.250724605910869,1.590305806520191
2025-02-07,1.2271229387476967,1.5757488436843021
2025-02-10,1.243310455177196,1.5864500867997173
2025-02-11,1.2257420907240821,1.5876566701309696
2025-02-12,1.2272236756351462,1.582542018299979
2025-02-13,1.2823858734696845,1.5992497635500074
2025-02-14,1.2775903609199015,1.5991711603371053
2025-02-18,1.2812785983330648,1.6038660614059168
2025-02-19,1.2738755070326537,1.6076430178254781
2025-02-20,1.2535078364452374,1.6009547008563412
2025-02-21,1.2111517786473542,1.573571806836525
2025-02-24,1.208399335525576,1.5664113903259438
2025-02-25,1.1924629953192687,1.5586213476720947
2025-02-26,1.2112465205130551,1.5594081802411677
2025-02-27,1.1792388287740234,1.534517056096758
2025-02-28,1.1867297208204244,1.55846398115828
2025-03-03,1.1575992887308313,1.531159850439376
2025-03-04,1.1440238999156738,1.5130356464770056
2025-03-05,1.1633053776504574,1.529297546619228
2025-03-06,1.1239701194207912,1.5021507824141385
2025-03-07,1.1181187009766407,1.5105701310352364
2025-03-10,1.0642491718524305,1.4703352114858648
2025-03-11,1.070514653347204,1.4581124919235584
2025-03-12,1.082256333141139,1.465850025710133
2025-03-13,1.060389558793498,1.446309523123431
2025-03-14,1.086083772906575,1.476184187018654
2025-03-17,1.0904436256982244,1.4875675651446125
2025-03-18,1.0889889486080577,1.4714892859498425
2025-03-19,1.0893338299300075,1.4875150562773378
2025-03-20,1.0851340268214342,1.4832134914490578
2025-03-21,1.0842628949058524,1.4792529140820445
2025-03-24,1.08588425979882,1.505744117886248
2025-03-25,1.0870651174475066,1.5093637077919944
2025-03-26,1.0873255328449507,1.4913445215641739
2025-03-27,1.0861909345726757,1.4873839441971606
2025-03-28,1.0833737930537184,1.4574305170010253
2025-03-31,1.0825432251359222,1.4672139755551998
2025-04-01,1.0831911042617977,1.4713580137816555
2025-04-02,1.0894479026273964,1.4806693727943863
2025-04-03,1.0758934948519072,1.407700777579481
2025-04-04,1.0478088033296329,1.3252897913156727
2025-04-07,1.0487274940639675,1.3229292135644481
2025-04-08,1.0395255604591749,1.302208462124136
2025-04-09,1.070057457184463,1.438965485665398
2025-04-10,1.0587145172949606,1.3759114610848446
2025-04-11,1.0611706162574597,1.4004615977679875
2025-04-14,1.064908535476121,1.414048107087351
2025-10-15,1.0601224910836364,1.4203258429339825
2025-10-16,1.056180279281261,1.410653080850461
2025-10-17,1.043181900589202,1.4186603903320163
2025-10-20,1.0648018671952653,1.433415135259349
2025-10-21,1.0585987362322484,1.4333937615816963
2025-10-22,1.0450226649133854,1.4259416464098973
2025-10-23,1.0788376318507207,1.4343974121402485
2025-10-24,1.0999731216737525,1.4461200923688768
2025-10-27,1.1214277021658667,1.4631809789185422
2025-10-28,1.1187851810958598,1.4670672087595331
2025-10-29,1.1419744430643421,1.4677718884855548
2025-10-30,1.109605725528186,1.4516291577838316
2025-10-31,1.1159767972427892,1.4563907961174598
2025-11-03,1.1276309588740367,1.459124020310936
2025-11-04,1.0967244753972014,1.4418281536343949
2025-11-05,1.1280068752707757,1.4468247720948983
2025-11-06,1.1224989995531882,1.4313012264085865
2025-11-07,1.1217345071579943,1.4327104555333272
2025-11-10,1.1480150737003088,1.4550669313760267
2025-11-11,1.1399848088558895,1.4583979669072618
2025-11-12,1.1300337803080627,1.4592093846942433
2025-11-13,1.097555393536916,1.4349952234780072
2025-11-14,1.0994765777889568,1.4347603736784342
2025-11-17,1.0898568386644658,1.4213934841981897
2025-11-18,1.0862153198763562,1.4094573278476408
2025-11-19,1.084934386865771,1.4149022722296378
2025-11-20,1.0544793561378734,1.3933359708235702
2025-11-21,1.0633319850063954,1.407215307258266
2025-11-24,1.0843836565289575,1.4279274435220468
2025-11-25,1.1028106248569174,1.441358454035249
2025-11-26,1.1174470284235996,1.4513088132736485
2025-11-28,1.1240750460159585,1.4592307583718964
2025-12-01,1.1160700258562795,1.4525686873094266
2025-12-02,1.113463393012533,1.4552591641475976
2025-12-03,1.1133724041256345,1.4602983996361036
2025-12-04,1.1189357418553851,1.4613660409003109
2025-12-05,1.1343790845326607,1.4641418821217895
2025-12-08,1.1314930665883152,1.4597432053263473
2025-12-09,1.1317550780859746,1.4584833312905694
2025-12-10,1.1482385841051783,1.4681562237013934
2025-12-11,1.1553450358948207,1.4715726236159359
2025-12-12,1.1382154902478585,1.455750237424396
2025-12-15,1.1367614197036497,1.4535508338630234
2025-12-16,1.1216102215849661,1.4495792396387248
2025-12-17,1.1187486287847141,1.433628741708572
2025-12-18,1.134003272177339,1.4444545094396084
2025-12-19,1.160123886680185,1.4532519933577959
2025-12-22,1.174214460984744,1.4623055704259058
2025-12-23,1.1713680975772243,1.4689890151660279
2025-12-24,1.1760712806158857,1.4741563623931468
2025-12-26,1.1788443687187518,1.4740068769768815
2025-12-29,1.1675514612674014,1.4687540350391521
2025-12-30,1.1610159243693832,1.4669604706985733
2025-12-31,1.1464517788668789,1.456091825284929
2026-01-02,1.1752418364645218,1.4587609284454475
2026-01-05,1.188329273824484,1.4684764378842738
2026-01-06,1.2570051636109403,1.4772098007695034
2026-01-07,1.227927798226009,1.4724481624358754
2026-01-08,1.2157342748741764,1.47229867701961
2026-01-09,1.2360900913135964,1.4820355601360888
2026-01-12,1.240174975682257,1.4843629451087714
2026-01-13,1.244386350594529,1.481395001443025
2026-01-14,1.2451611306717,1.4741136150378413
