,strategy,spy
2021-01-08,1.0,1.0
2021-01-11,0.9975188887530774,0.9932591741635882
2021-01-12,1.018145892486397,0.9934689695006729
2021-01-13,1.0428936027506246,0.9961443603235315
2021-01-14,1.0618753236063057,0.9926558824979621
2021-01-15,1.0435828115636656,0.985416782730474
2021-01-19,1.053626205341984,0.9931542364730436
2021-01-20,1.0421904452058406,1.0068981923502267
2021-01-21,1.0308110327491113,1.0078161369994771
2021-01-22,1.0290232248766735,1.0042490559610053
2021-01-25,1.0217197113304082,1.0082096333280186
2021-01-26,1.0238128328973817,1.0066358881458675
2021-01-27,0.9934245819137261,0.9820332425954497
2021-01-28,1.0054299868975214,0.9904789256941898
2021-01-29,0.984631325108514,0.9706499445134958
2021-02-01,1.0083986306173502,0.9868069069651733
2021-02-02,1.0129163966931136,1.0007605781354358
2021-02-03,1.0265024084531074,1.001547490748514
2021-02-04,1.0278040020545325,1.0129307888304675
2021-02-05,1.0433454370625581,1.0169175405871134
2021-02-08,1.0626688902739887,1.0242616580891513
2021-02-09,1.0649254887136583,1.023579683166618
2021-02-10,1.0641336561985484,1.0231337580148065
2021-02-11,1.0607667172879538,1.0247861864538652
2021-02-12,1.079171941843004,1.0298484094615858
2021-02-16,1.077389517536258,1.0289565591579628
2021-02-17,1.0719933989429755,1.0291926889726897
2021-02-18,1.0471426419440548,1.0248124408875023
2021-02-19,1.0758587287691639,1.023002645934629
2021-02-22,1.0864425115374508,1.0151340000678775
2021-02-23,1.0732043797757094,1.0163667577887618
2021-02-24,1.1506248924409233,1.0275664349232634
2021-02-25,1.1241210478094872,1.002806422859031
2021-02-26,1.1032812799932048,0.9976393422047706
2021-03-01,1.1315980133080528,1.0218223170370144
2021-03-02,1.1284242228238512,1.013848813523723
2021-03-03,1.1325538659904313,1.000419670718174
2021-03-04,1.111435728039685,0.9880396646860579
2021-03-05,1.1281276572996406,1.0062162174276932
2021-03-08,1.1400384362875522,1.0012065032872473
2021-03-09,1.138166676960503,1.0155012419627816
2021-03-10,1.1505042325882393,1.0218223170370144
2021-03-11,1.1761066339954416,1.0321827327791726
2021-03-12,1.1770202464986672,1.0335728570138718
2021-03-15,1.1715850359543447,1.039736645618295
2021-03-16,1.1541847692918117,1.038425204640503
2021-03-17,1.1610415497423783,1.0419661112893426
2021-03-18,1.1416174619303332,1.0268058567878275
2021-03-19,1.145525812578893,1.0215600928766597
2021-03-22,1.1339663940400562,1.0297172173374036
2021-03-23,1.0983348010877412,1.0216125216999299
2021-03-24,1.063031474054649,1.016419186612032
2021-03-25,1.095229060927401,1.0221371301086488
2021-03-26,1.0741450642343007,1.0386088255879555
2021-03-29,1.0597440979060593,1.0380842171792368
2021-03-30,1.0770678150209774,1.0353302231434758
2021-03-31,1.0715276043151598,1.039526770237206
2021-04-01,1.08573885182307,1.0507527018053449
2021-04-05,1.0801563791690492,1.0658342730499524
2021-04-06,1.0851370767355706,1.0652048069946938
2021-04-07,1.079049884048524,1.0664375647155786
2021-04-08,1.0735889123808424,1.0714997076792945
2021-04-09,1.0715274633057454,1.0792896702891388
2021-04-12,1.0680158130063122,1.0796831666176803
2021-04-13,1.063273053878094,1.082883005761248
2021-04-14,1.0882560409364082,1.0791848126425991
2021-04-15,1.0834406464916084,1.090777906061637
2021-04-16,1.087159922819132,1.094423750401021
2021-04-19,1.0804348838958373,1.0890467943656712
2021-04-20,1.0652006875994655,1.0810732908523797
2021-04-21,1.0803940304113118,1.0913025144703559
2021-04-22,1.0699586746425165,1.081335515012734
2021-04-23,1.0901525201408802,1.0930598005559544
2021-04-26,1.1046680947250065,1.0953416950502717
2021-04-27,1.1128566671748088,1.0951056452795496
2021-04-28,1.1098918209201962,1.0947909122519204
2021-04-29,1.1055668077905794,1.1017677878590542
2021-04-30,1.0928748031725648,1.094528608047561
2021-05-03,1.1074581159130354,1.0968892658427907
2021-05-04,1.1003338832854255,1.0901221855727412
2021-05-05,1.1058765386428384,1.090463173034008
2021-05-06,1.1085332944515434,1.099171160337108
2021-05-07,1.121967407008359,1.1071709182840366
2021-05-10,1.1051975339476725,1.0962072909202571
2021-05-11,1.0991063460645971,1.0864239124100872
2021-05-12,1.0721681190114527,1.0633425832185508
2021-05-13,1.0723235561525797,1.076116005535204
2021-05-14,1.0886491244721677,1.0926401298377804
2021-05-17,1.1001091879167588,1.0898598813683817
2021-05-18,1.0891219436673236,1.0804699991867535
2021-05-19,1.0681285668267755,1.0776372418500801
2021-05-20,1.0709438820160444,1.0892304153131231
2021-05-21,1.0772926184871696,1.0883386450535053
2021-05-24,1.0864752303363445,1.0994334645414672
2021-05-25,1.0743539525140944,1.0969941234893303
2021-05-26,1.0907056989788473,1.099171160337108
2021-05-27,1.098936916711945,1.0997481975690966
2021-05-28,1.099765768164067,1.1017153590357847
2021-06-01,1.1169804682832751,1.1007449055192593
2021-06-02,1.1150692355581182,1.10247593717122
2021-06-03,1.1135944585145474,1.0983842477240298
2021-06-04,1.1205859415361492,1.1084299304385588
2021-06-07,1.1192060023406878,1.1073545392314887
2021-06-08,1.1260351288046997,1.1075905890022106
2021-06-09,1.1181667256934065,1.105938160563152
2021-06-10,1.112341944462699,1.111078986783775
2021-06-11,1.113147579600823,1.1129150361702858
2021-06-14,1.117894591597204,1.1154068060456923
2021-06-15,1.1193174508891235,1.1133609613220972
2021-06-16,1.1092079597773963,1.107144663850399
2021-06-17,1.0956664378135712,1.1067775019994999
2021-06-18,1.081535181515674,1.0882862162302354
2021-06-21,1.100509107939528,1.103866061405919
2021-06-22,1.1108748855558628,1.1097675458059828
2021-06-23,1.1163535911466007,1.1084299304385583
2021-06-24,1.124280260475954,1.114987135327518
2021-06-25,1.1149199420117828,1.1189476326505265
2021-06-28,1.1071235150751897,1.1212033527552112
2021-06-29,1.1129454998853439,1.1218066444208374
2021-06-30,1.12257671050996,1.122750843503725
2021-07-01,1.1290945674890387,1.1289670609314182
2021-07-02,1.1297337105390797,1.1375963649776106
2021-07-06,1.1184862985432598,1.135524265820378
2021-07-07,1.1168216957614072,1.139537272010661
2021-07-08,1.1109541985759055,1.1302523275195775
2021-07-09,1.126804928425458,1.1423175204800595
2021-07-12,1.1236474298391328,1.14640920992725
2021-07-13,1.1168806571694538,1.1425011414275117
2021-07-14,1.1009448086256897,1.14420599868984
2021-07-15,1.0818399992794365,1.1402979301901017
2021-07-16,1.0780553292746529,1.13135389311628
2021-07-19,1.073331035777579,1.1146461478662515
2021-07-20,1.0916089901497306,1.130619489370477
2021-07-21,1.1051395135206517,1.1397733217813832
2021-07-22,1.1064577382196297,1.1421601539662454
2021-07-23,1.1216841161472861,1.153910693943103
2021-07-26,1.1241392720562087,1.1567433712357715
2021-07-27,1.1163651024351815,1.1514714329349711
2021-07-28,1.1308431172219353,1.1509992533495224
2021-07-29,1.1302553024552622,1.1557729177192464
2021-07-30,1.128247041785376,1.1501599919571794
2021-08-02,1.1256831660391644,1.1477469053386802
2021-08-03,1.1298291826383524,1.1570843586970383
2021-08-04,1.1221338855472556,1.1513927496780643
2021-08-05,1.122328163097698,1.158684358312827
2021-08-06,1.112260848263902,1.16059901091224
2021-08-09,1.103092942097376,1.1596548118293522
2021-08-10,1.1075851962244998,1.1610973648873215
2021-08-11,1.1175563644539945,1.1639825510472648
2021-08-12,1.11195227193416,1.1674709488288293
2021-08-13,1.1101266434585717,1.1695955568533365
2021-08-16,1.1011060034002442,1.1723495508890978
2021-08-17,1.090014418307574,1.1646645259697979
2021-08-18,1.0873842145126307,1.1519172780427775
2021-08-19,1.0802086987875297,1.1537008185620132
2021-08-20,1.0857601627908608,1.1628809054065568
2021-08-23,1.1038448437861414,1.173110209068538
2021-08-24,1.1137643419330145,1.1749724328446811
2021-08-25,1.1168900961317967,1.1774379482864505
2021-08-26,1.1070866870780023,1.1704873271129541
2021-08-27,1.1244054058895772,1.1809526005016522
2021-08-30,1.1303163275126704,1.18614593558955
2021-08-31,1.127948019537631,1.1843885694599467
2021-09-01,1.1324639881051228,1.1850180355152051
2021-09-02,1.1362089350570554,1.1886638798545892
2021-09-03,1.14053203288776,1.1883753212165922
2021-09-07,1.1295588695741827,1.1841262652555873
2021-09-08,1.1278056901707683,1.1826837121976181
2021-09-09,1.1271670246770518,1.1776215692339023
2021-09-10,1.121590423423557,1.1683365446988139
2021-09-13,1.1242068307390245,1.1713265885052968
2021-09-14,1.1286081250357984,1.165005513431064
2021-09-15,1.1357732376202994,1.174736383073959
2021-09-16,1.1333108808633046,1.1728741592978158
2021-09-17,1.1292741037667198,1.1577400791859334
2021-09-20,1.1120239524548639,1.1384357064139583
2021-09-21,1.1193733323565165,1.1373603152068883
2021-09-22,1.1315414704202222,1.148455054650845
2021-09-23,1.1449312968387089,1.1624088058651125
2021-09-24,1.1303167339071316,1.1643235385085304
2021-09-27,1.1308967434376291,1.1609925072407807
2021-09-28,1.1106196851072665,1.1375963649776102
2021-09-29,1.1100067967601146,1.1395110976210283
2021-09-30,1.1057584784358354,1.1255836008403979
2021-10-01,1.1088523125060588,1.1389602347786718
2021-10-04,1.1051277304783755,1.124272159862606
2021-10-05,1.107664989148355,1.1359701909721889
2021-10-06,1.0941769744100256,1.140691346474638
2021-10-07,1.1066445830474654,1.150553408241715
2021-10-08,1.1036909737253457,1.1484550546508447
2021-10-11,1.1006257981438368,1.1401405636762867
2021-10-12,1.1082360844231052,1.1373340607732507
2021-10-13,1.1151946054906914,1.141425750220441
2021-10-14,1.1312715776119964,1.1606252653458764
2021-10-15,1.1455308574037522,1.1694643647291534
2021-10-18,1.1503468956237963,1.1729265881210853
2021-10-19,1.148408220758768,1.1819755628854518
2021-10-20,1.1520654437266817,1.1866180351309934
2021-10-21,1.1425526658424603,1.1897130166280212
2021-10-22,1.1530908456874776,1.1884802589071366
2021-10-25,1.1675140358543041,1.1948538428486444
2021-10-26,1.163177566466034,1.1959292340557144
2021-10-27,1.1309966414444708,1.1906310413212768
2021-10-28,1.1486698149780425,1.2021192770937752
2021-10-29,1.1458901714412724,1.2045585381019068
2021-11-01,1.1574150365140374,1.2066306372591395
2021-11-02,1.1621226010073535,1.2115091592754033
2021-11-03,1.1768796226809881,1.218905705600711
2021-11-04,1.1795110891333742,1.2246498234869603
2021-11-05,1.1844169712744572,1.2288988794479654
2021-11-08,1.19757572795253,1.2299480162213978
2021-11-09,1.1987317027626434,1.2258825812078449
2021-11-10,1.1666490765848994,1.2160205194407678
2021-11-11,1.1919128812394857,1.2164139357253045
2021-11-12,1.18500171956009,1.2255940225698478
2021-11-15,1.1696343288346964,1.2260136932880221
2021-11-16,1.1792267116480974,1.2308660409146532
2021-11-17,1.1690778635701156,1.22787599710817
2021-11-18,1.1665414261704463,1.232046369812268
2021-11-19,1.157188992230756,1.229843158574858
2021-11-22,1.1569635148650963,1.226380935182926
2021-11-23,1.1559912373836487,1.2280071091883473
2021-11-24,1.1573012603514286,1.231285711632827
2021-11-26,1.1160911109780436,1.2038241343561036
2021-11-29,1.1340250319279406,1.2185909725730817
2021-11-30,1.105175340715036,1.194880097282282
2021-12-01,1.069038267455824,1.1816083209905477
2021-12-02,1.0947421200510024,1.1997061904752757
2021-12-03,1.0480217071683622,1.1892671715202148
2021-12-06,1.0614538262207074,1.2033520348146598
2021-12-07,1.0860365286186002,1.2282431589590692
2021-12-08,1.0891120242372243,1.2314955069699116
2021-12-09,1.0683990451740877,1.2231810159953536
2021-12-10,1.0754616231935452,1.2346954261574843
2021-12-13,1.0539986072095129,1.2237580532273422
2021-12-14,1.0431292833890384,1.2153385445182343
2021-12-15,1.0615562551775015,1.2343282643065852
2021-12-16,1.04757605291118,1.2234433201997128
2021-12-17,1.0481635191215646,1.2061847121073277
2021-12-20,1.038797908676828,1.193358860967405
2021-12-21,1.0640057318067,1.2145517119491611
2021-12-22,1.0708839279222182,1.2266956682105552
2021-12-23,1.0747975546355286,1.234328264306585
2021-12-27,1.0864065472116433,1.2517966677360541
2021-12-28,1.08495325614458,1.250773705352254
2021-12-29,1.0827103380163552,1.2523737049680426
2021-12-30,1.084206045296826,1.2489114815761109
2021-12-31,1.085388151935627,1.2457639912118081
2022-01-03,1.0820898315727234,1.2529769165896638
2022-01-04,1.08484210327011,1.2525572458714898
2022-01-05,1.0561425420602903,1.2285054631634282
2022-01-06,1.058224418221715,1.227351388699451
2022-01-07,1.055493720794023,1.2224990410728198
2022-01-10,1.0445845704161463,1.2209778047579434
2022-01-11,1.0529111586642659,1.2320987986355376
2022-01-12,1.049374344227633,1.2354298299032873
2022-01-13,1.0432263438733091,1.2184073516256293
2022-01-14,1.0486404001845626,1.2189057056007107
2022-01-18,1.034182367286558,1.1973193582904134
2022-01-19,1.0181267404653835,1.1848869234350272
2022-01-20,1.007684632975084,1.1717725136571076
2022-01-21,0.9838039793643093,1.1487698677224785
2022-01-24,0.9908436263750052,1.153648389738742
2022-01-25,0.994905473954973,1.1395635264442974
2022-01-26,0.9889248084584067,1.1367045947179917
2022-01-27,0.9803823636945583,1.1310915889119197
2022-01-28,0.9772754311589708,1.1591827122879068
2022-01-31,0.9751585116884725,1.180060830242033
2022-02-01,0.9834884186554178,1.1880344137993295
2022-02-02,0.9901959728503971,1.1995750783950976
2022-02-03,0.9940985413336106,1.1713790973725708
2022-02-04,0.9926283819781625,1.1768871654880981
2022-02-07,0.9908109889301,1.1731102090685368
2022-02-08,0.9882296854107568,1.1827623954545243
2022-02-09,0.9959213047931073,1.2000734323701792
2022-02-10,0.9942071423825927,1.1785133394935192
2022-02-11,1.0011091365017972,1.1552745637441635
2022-02-14,0.9983521741976382,1.1514976073246022
2022-02-15,0.9995305824236144,1.1700676563947792
2022-02-16,1.0043084226480123,1.171379097372571
2022-02-17,0.9994499256443565,1.1463567811039792
2022-02-18,0.995917480322986,1.138934060389039
2022-02-22,0.9900697175632217,1.1267114208707374
2022-02-23,0.9827296191822814,1.1067250731762288
2022-02-24,0.9796651435713614,1.1233803095589825
2022-02-25,0.9873086339356199,1.1481665760568525
2022-02-28,0.9890231059462983,1.1452289610736393
2022-03-01,0.9886918374396175,1.1277868120778072
2022-03-02,0.9969930626856244,1.1485338179517564
2022-03-03,0.9959370373022363,1.1428158744551398
2022-03-04,0.9976858245969958,1.1335309299640564
2022-03-07,0.9883620555865127,1.100115359419994
2022-03-08,0.9896216713428947,1.0917746140117983
2022-03-09,0.9910753997437132,1.1210459862413953
2022-03-10,0.9965572464222457,1.1159838432776799
2022-03-11,0.9915399252593599,1.1017940422926902
2022-03-14,0.9827518588654188,1.0937417754784864
2022-03-15,0.9813914280247407,1.1177936382305529
2022-03-16,0.9817103760322249,1.1425798246844179
2022-03-17,0.98903780320308,1.1568745633599522
2022-03-18,0.9879839388198959,1.1659234580803137
2022-03-21,0.9950718251728058,1.165582550663052
2022-03-22,0.9953398148951724,1.1792214888056853
2022-03-23,1.0042741801437332,1.164034979870533
2022-03-24,1.0020672118788878,1.1815820665569097
2022-03-25,1.0033174183082196,1.1873524388767962
2022-03-28,0.9983798871114036,1.1957981219755365
2022-03-29,1.0030739388816197,1.210591134582147
2022-03-30,1.0022298670800234,1.2031159850439368
2022-03-31,0.9979647329506368,1.184598444841035
2022-04-01,1.0035593198889399,1.1879557305424222
2022-04-04,1.0091241360837682,1.1981324452931237
2022-04-05,1.0018209687541484,1.1829984452252464
2022-04-06,0.9935535069738866,1.1711692219914813
2022-04-07,0.9922628692555121,1.177070706391545
2022-04-08,0.9903744049669637,1.1739232960712473
2022-04-11,0.9847755197689987,1.1538582651198315
2022-04-12,0.9867962642008734,1.149582954725189
2022-04-13,0.9949199712875897,1.1627497933263784
2022-04-14,0.9971573621829408,1.148271513747397
2022-04-18,1.0020285457035896,1.1487436132888411
2022-04-19,0.998190702083946,1.1672874079253803
2022-04-20,0.9979686404592971,1.1664218120553949
2022-04-21,0.9790860357401489,1.148979663059563
2022-04-22,0.9638474144424272,1.1174526507692863
2022-04-25,0.9548493441239018,1.123931172401339
2022-04-26,0.9503347703465084,1.0913811977272623
2022-04-27,0.9548471001319425,1.0944499247906525
2022-04-28,0.9605485246807409,1.122095123014828
2022-04-29,0.955775474542231,1.080627365700567
2022-05-02,0.9553410742332024,1.087132141766257
2022-05-03,0.9594019716069465,1.0921156014730653
2022-05-04,0.9678606597906831,1.125373725459308
2022-05-05,0.9599812932772912,1.0853747756366534
2022-05-06,0.9573719501091913,1.078896254004601
2022-05-09,0.9431974166115578,1.0443529434742036
2022-05-10,0.9429733557551554,1.0467659500486979
2022-05-11,0.9437168792019369,1.0301368880555766
2022-05-12,0.9438827604742793,1.0290614968485066
2022-05-13,0.9490083044769015,1.0536641423989244
2022-05-16,0.9519608620623453,1.049388832004282
2022-05-17,0.9547300580107259,1.070975179314579
2022-05-18,0.9509473324081107,1.0278024846939846
2022-05-19,0.9478764428501434,1.0215075840093844
2022-05-20,0.9477148569408693,1.0219535091611958
2022-05-23,0.9501351893305345,1.0410743410297236
2022-05-24,0.9481114279368222,1.0331270119060647
2022-05-25,0.9510319769048142,1.0422545898833333
2022-05-26,0.951951845461094,1.0630802790141898
2022-05-27,0.9577654452433166,1.0891779864898516
2022-05-31,0.954161973083013,1.0830666267086986
2022-06-01,0.9554045356133098,1.074306210582329
2022-06-02,0.9610350175046658,1.0947647378622862
2022-06-03,0.9614289501372969,1.0767979804577357
2022-06-06,0.9637150065036696,1.0800765829022154
2022-06-07,0.9678736350866602,1.0904369186003688
2022-06-08,0.9641192588648776,1.0785815209769714
2022-06-09,0.955515243539192,1.0529297386531211
2022-06-10,0.9485616587128558,1.0223993542690022
2022-06-13,0.9329835697034201,0.9835807333439625
2022-06-14,0.933051466689757,0.9806168639271118
2022-06-15,0.9339214481570088,0.9945968695750169
2022-06-16,0.9240565291995817,0.961679653006036
2022-06-17,0.9211972671997921,0.9596075538488033
2022-06-21,0.9245501226281472,0.9837643542914145
2022-06-22,0.9165198823158845,0.9819808137721787
2022-06-23,0.9139000768173062,0.9916067457245289
2022-06-24,0.9200495547641495,1.0231337580148054
2022-06-27,0.9236833336574976,1.019225689515067
2022-06-28,0.9228694865136873,0.9984000003842105
2022-06-29,0.9203628465960897,0.9975869133814997
2022-06-30,0.9154942633257647,0.9894822177440261
2022-07-01,0.9177533687462549,0.9999474911327242
2022-07-05,0.9137425116129105,1.0018359693425047
2022-07-06,0.912183917982116,1.0052195094775294
2022-07-07,0.919645022367898,1.0202748262884995
2022-07-08,0.9221780220576478,1.0194355648961562
2022-07-11,0.919781705919305,1.0077899626098434
2022-07-12,0.9186871714880974,0.9988720999256543
2022-07-13,0.9170940439354881,0.9936263360144866
2022-07-14,0.9160215882293471,0.9912133294399922
2022-07-15,0.9166960704851631,1.010150540361068
2022-07-18,0.915350020906607,1.0018097949528724
2022-07-19,0.918741154360504,1.0288778759010544
2022-07-20,0.9200252348254832,1.035435080790014
2022-07-21,0.9221929635564625,1.0459791174796245
2022-07-22,0.9173967763110124,1.036274422226362
2022-07-25,0.9196879558670786,1.037533434380884
2022-07-26,0.9199761455937907,1.0252583660393126
2022-07-27,0.9214074037329671,1.0518806018796882
2022-07-28,0.9207794597651613,1.065073694914515
2022-07-29,0.9194355571737649,1.080601111266929
2022-08-01,0.9208416127007168,1.0774011920793563
2022-08-02,0.9220353030008387,1.0702932043920452
2022-08-03,0.9259698045718846,1.0870534585093488
2022-08-04,0.9227104126928176,1.0863190547635455
2022-08-05,0.9211430858856305,1.084483005377035
2022-08-08,0.9243807017716593,1.083223993222513
2022-08-09,0.9176454886838341,1.078922508438238
2022-08-10,0.9326796077723114,1.1015841669116002
2022-08-11,0.9329262597232216,1.1015841669116002
2022-08-12,0.9364284162992275,1.1202328992386843
2022-08-15,0.9350108457378594,1.1248491170505888
2022-08-16,0.9341186063059412,1.1270524083320037
2022-08-17,0.9257611292294202,1.1190525703410699
2022-08-18,0.9244210035616007,1.1223049983959172
2022-08-19,0.9108310800904325,1.10722342715131
2022-08-22,0.9025679803232907,1.0841682723494062
2022-08-23,0.9049457253232697,1.0815453903938221
2022-08-24,0.9081482045060284,1.085007613785754
2022-08-25,0.9137626518335867,1.1003252348010835
2022-08-26,0.898091110796456,1.06308027901419
2022-08-29,0.8961967126905435,1.0560509745837865
2022-08-30,0.8923540855524376,1.0444578011207435
2022-08-31,0.8926337819167812,1.0365104719970846
2022-09-01,0.8909251232850296,1.0397629000519317
2022-09-02,0.8902605375798577,1.0287991926441473
2022-09-06,0.8900421484033153,1.0249173785780463
2022-09-07,0.8963886991437096,1.0433299810904035
2022-09-08,0.9006197566404341,1.0501494901837227
2022-09-09,0.9039872929653553,1.066463819149215
2022-09-12,0.9044279640161712,1.0779258004880756
2022-09-13,0.8942109762050955,1.0310549127488322
2022-09-14,0.8955410366253719,1.0349892356822081
2022-09-15,0.8928429886071705,1.0232386957053505
2022-09-16,0.8903898685582321,1.0112783603914082
2022-09-19,0.8942479392405899,1.0191207518245227
2022-09-20,0.8898254107952658,1.0074227207149398
2022-09-21,0.8874775958121564,0.9898494596389307
2022-09-22,0.8826120956794483,0.9815348886203675
2022-09-23,0.8760715068328411,0.9650894475746983
2022-09-26,0.8693695933333253,0.9555421188352504
2022-09-27,0.871799750370225,0.9531028578271186
2022-09-28,0.8780341959929013,0.9718564478007425
2022-09-29,0.8728013553316607,0.9515553670786047
2022-09-30,0.8706250328738311,0.9368409576848964
2022-10-03,0.8770351821785322,0.9615747153154913
2022-10-04,0.8852433330442078,0.991370695953807
2022-10-05,0.8858728492916573,0.9890625470258524
2022-10-06,0.8867384383400015,0.9788595778415136
2022-10-07,0.8820328413026493,0.9515553670786046
2022-10-10,0.8812203675754908,0.944289932833474
2022-10-11,0.8811253218662995,0.9383097651765028
2022-10-12,0.8797177639671843,0.935214783679475
2022-10-13,0.879155857395645,0.9598961124868002
2022-10-14,0.8711890648524212,0.938021286582511
2022-10-17,0.8734568538301657,0.9621255781578475
2022-10-18,0.8741266423438316,0.9734301929828937
2022-10-19,0.8738028509859078,0.9665320006326673
2022-10-20,0.8720595265208999,0.9584273049951936
2022-10-21,0.8772885108970399,0.9817185095678196
2022-10-24,0.8772844085408036,0.9937312737050317
2022-10-25,0.8789143129574173,1.0095997575627171
2022-10-26,0.8830083230744286,1.00199333585632
2022-10-27,0.8795452954087861,0.9966427142986124
2022-10-28,0.880385709532306,1.0203535095454073
2022-10-31,0.880367972267702,1.012983217653737
2022-11-01,0.881558753909402,1.00855054074528
2022-11-02,0.8769691060667902,0.9832397458826962
2022-11-03,0.879902885087107,0.9731154599552648
2022-11-04,0.8822197394822753,0.9871216399928022
2022-11-07,0.8844101448998537,0.9965640310417052
2022-11-08,0.8831566961908753,1.0019409070330503
2022-11-09,0.8763209063445198,0.9812988388496459
2022-11-10,0.8809039422952716,1.0352252854529307
2022-11-11,0.88041482326741,1.0452447137338223
2022-11-14,0.8797067001115373,1.0363531054832704
2022-11-15,0.8819841483512597,1.0451922048665476
2022-11-16,0.8787590310869607,1.0372187013532561
2022-11-17,0.8772508330588914,1.034044956555316
2022-11-18,0.8776743097395638,1.0387399376681326
2022-11-21,0.875781329602197,1.0349629812485714
2022-11-22,0.8756688787049097,1.0488904780292014
2022-11-23,0.8734506314291459,1.055500191785436
2022-11-25,0.8718928291683237,1.0552640619707092
2022-11-28,0.8688964531786505,1.0384252046405034
2022-11-29,0.8700687227223156,1.0366416641212677
2022-11-30,0.8749106710170826,1.069296496441884
2022-12-01,0.8761907908354906,1.0685096638728109
2022-12-02,0.8770691502933745,1.0672769061519263
2022-12-05,0.8693681395982285,1.048077391026491
2022-12-06,0.8681998449436312,1.032969565348246
2022-12-07,0.8693728703223964,1.0312122792626475
2022-12-08,0.8708917266999274,1.0392907204664839
2022-12-09,0.8684572480917971,1.0315270122902769
2022-12-12,0.8689844557592259,1.0463987881978
2022-12-13,0.872357631781638,1.0543198628878216
2022-12-14,0.8709051806538104,1.0475790370514098
2022-12-15,0.8612702246829339,1.0219535091611969
2022-12-16,0.8600882235564206,1.0052719383008006
2022-12-19,0.8561651432035373,0.996747571945153
2022-12-20,0.8604320070154151,0.9981115217902198
2022-12-21,0.8638231604737716,1.0130357265210126
2022-12-22,0.8599198319050109,0.9985836213316637
2022-12-23,0.860906638337827,1.0043277392179126
2022-12-27,0.8633740561922143,1.0003671618508994
2022-12-28,0.8575540614716657,0.9879347269955133
2022-12-29,0.8632918519185254,1.0057178634526118
2022-12-30,0.8621305648270547,1.0030687270633905
2023-01-03,0.8601464450160897,0.9988459255360229
2023-01-04,0.8677012919374151,1.00655720488896
2023-01-05,0.8645017062749178,0.9950689691164618
2023-01-06,0.8762563772226698,1.0178879941036387
2023-01-09,0.8808058707761476,1.01731095687165
2023-01-10,0.8798507377314821,1.0244451989925984
2023-01-11,0.8847223291487085,1.0374022422567033
2023-01-12,0.8883623078273217,1.0411791986762644
2023-01-13,0.8893628106833629,1.045218459300185
2023-01-17,0.8879615229481742,1.0433037266567668
2023-01-18,0.8836685758411807,1.0268320311774604
2023-01-19,0.8825342819334523,1.0193568816392504
2023-01-20,0.8860064516712777,1.0383465213835963
2023-01-23,0.8875382301270016,1.0508052106726198
2023-01-24,0.8906001991943254,1.0496773906422798
2023-01-25,0.8928340388559884,1.0500708069268165
2023-01-26,0.8943861921718635,1.0616114715225846
2023-01-27,0.8937959882493064,1.0640507325307165
2023-01-30,0.8850000850505165,1.0507002729820751
2023-01-31,0.8965487438850601,1.0661490861215868
2023-02-01,0.9064991320135051,1.0774798753362655
2023-02-02,0.9045035249184556,1.093164738246499
2023-02-03,0.8936360503935089,1.0815453903938235
2023-02-06,0.8863136617166114,1.0749356766375888
2023-02-07,0.8888264194050538,1.0889943655424013
2023-02-08,0.8848545258176471,1.0770864590517288
2023-02-09,0.8783505580295552,1.0677490056933705
2023-02-10,0.8760715622655649,1.070240775568777
2023-02-13,0.8813331539971151,1.0828043225043402
2023-02-14,0.8819512090171913,1.082306048573264
2023-02-15,0.8841340822891461,1.0858207007884657
2023-02-16,0.8766161338864759,1.0708702416240354
2023-02-17,0.8766140074039308,1.068194930845182
2023-02-21,0.8621410004728773,1.0467659500486992
2023-02-22,0.861732717933318,1.04532339699073
2023-02-23,0.8673980944801504,1.050883893929527
2023-02-24,0.8543663143510779,1.0396579623613882
2023-02-27,0.8582922600917946,1.0431988690102274
2023-02-28,0.8582315589003868,1.039343229333759
2023-03-01,0.8618864178827998,1.0353563975331082
2023-03-02,0.8618797978941053,1.043408664347312
2023-03-03,0.8726905823338189,1.0601426640309783
2023-03-06,0.8655116416479852,1.0608770677767816
2023-03-07,0.857676145599324,1.0446151676345594
2023-03-08,0.858366672231957,1.0463201049408928
2023-03-09,0.8464053552724218,1.027015652124913
2023-03-10,0.8422041150710091,1.0121963850846647
2023-03-13,0.8423486922228492,1.0107537519826906
2023-03-14,0.8475076316019633,1.0274615772767242
2023-03-15,0.8430933843511356,1.0210354844679415
2023-03-16,0.8475309002371014,1.0389497330052175
2023-03-17,0.8440938662801821,1.0228977082440847
2023-03-20,0.8464335027743822,1.0327335155775244
2023-03-21,0.8501072044463639,1.0462938505072554
2023-03-22,0.8469173086890962,1.0284582051828817
2023-03-23,0.846563051678404,1.0312385336962853
2023-03-24,0.8460753605982181,1.0380055339223295
2023-03-27,0.8490532801489715,1.0399464409553802
2023-03-28,0.849023548065954,1.0376121176377933
2023-03-29,0.853718353216066,1.0526936888824006
2023-03-30,0.8572773390849364,1.0588574774868238
2023-03-31,0.8656843357223574,1.0737816822176165
2023-04-03,0.8642857498743407,1.077873371664807
2023-04-04,0.8646442157204131,1.071893204007836
2023-04-05,0.8587607870974582,1.0690867011048
2023-04-06,0.8586732247484956,1.0732570738088978
2023-04-10,0.8627122652378815,1.0743586394056004
2023-04-11,0.8665327201058027,1.0746471980435972
2023-04-12,0.8665327201058027,1.0702669499584099
2023-04-13,0.8665327201058027,1.084483005377037
2023-04-14,0.8665327201058027,1.0818338689878155
2023-04-17,0.8650480658224878,1.0857157630979213
2023-04-18,0.8669770558889818,1.0864239124100874
2023-04-19,0.8679868043572757,1.0862403715066402
2023-04-20,0.8667771804968224,1.080312632672939
2023-04-21,0.8647687697538169,1.0811519741092872
2023-04-24,0.867248375630464,1.0822797941396272
2023-04-25,0.8587174777596129,1.0650998693041496
2023-04-26,0.856630010597244,1.060588509138785
2023-04-27,0.861519383706077,1.0817027569076385
2023-04-28,0.8628012121208888,1.090935272575452
2023-05-01,0.8580813016350539,1.0898337069787496
2023-05-02,0.8528679133970547,1.0775848130268106
2023-05-03,0.8567226065413687,1.0701882667015026
2023-05-04,0.8362407159322158,1.0626081794727478
2023-05-05,0.8612825848215413,1.082279794139627
2023-05-08,0.8609940269246552,1.0825682727336188
2023-05-09,0.8544014989244748,1.077820862797532
2023-05-10,0.8567208670091153,1.0828568313716154
2023-05-11,0.8531313540993225,1.0809683531618348
2023-05-12,0.8544158049406508,1.0795519744934983
2023-05-15,0.8570715809570425,1.0832765020897894
2023-05-16,0.8482822923161447,1.0760373222782964
2023-05-17,0.8590052891413875,1.0890993032329461
2023-05-18,0.8607085342821513,1.0995908310552815
2023-05-19,0.8532841831877517,1.0979908314394926
2023-05-22,0.8602813528733984,1.098436756591304
2023-05-23,0.8536972713137884,1.0861091793824578
2023-05-24,0.8499852169648789,1.078240533515706
2023-05-25,0.8557981964895528,1.087577986874064
2023-05-26,0.8646378221729163,1.1016628501685088
2023-05-30,0.8733842384683257,1.102082520886683
2023-05-31,0.8589239584578757,1.0959712411495346
2023-06-01,0.8748952069305412,1.106384085714963
2023-06-02,0.8846758161487213,1.1223836816528259
2023-06-05,0.8804593885440279,1.1202328992386859
2023-06-06,0.8896613501623537,1.1226721602468177
2023-06-07,0.8944257835704623,1.1187902661367117
2023-06-08,0.9255203554014453,1.125557346406761
2023-06-09,0.9142304766469426,1.1275769366967188
2023-06-12,0.9186520080253687,1.137806160314695
2023-06-13,0.9203594854620103,1.1453076443305474
2023-06-14,0.9125619175992887,1.146671514131609
2023-06-15,0.9199664861447886,1.1608875695502359
2023-06-16,0.9128048474669899,1.15265168178858
2023-06-20,0.9093519847769824,1.1466715141316088
2023-06-21,0.9057079840697406,1.1407962841651826
2023-06-22,0.8981601607067863,1.1449142280460105
2023-06-23,0.8891060790725289,1.1362586695661805
2023-06-26,0.8963795466260024,1.131616197320639
2023-06-27,0.9049231779838726,1.1440224577863924
2023-06-28,0.8951257139024247,1.1445994950183809
2023-06-29,0.8977053051436324,1.1491107751397405
2023-06-30,0.905853360143254,1.1626711100694713
2023-07-03,0.9057277559513682,1.1640088054809008
2023-07-05,0.9025358888413592,1.1622776937849348
2023-07-06,0.8900605029577571,1.1531762901972984
2023-07-07,0.9045705620609281,1.1502648496037178
2023-07-10,0.918921929899154,1.1531762901972986
2023-07-11,0.9239570077153273,1.1605203276553315
2023-07-12,0.9313706229031817,1.1698577810136899
2023-07-13,0.9289127234951824,1.179142805548778
2023-07-14,0.9231196703405966,1.1784084018029748
2023-07-17,0.9267358660941468,1.1825000912501653
2023-07-18,0.9306297063826849,1.1912867618101723
2023-07-19,0.9568683260233227,1.1939358981993937
2023-07-20,0.9398890848612339,1.1860147434653672
2023-07-21,0.9381030805451362,1.1860147434653672
2023-07-24,0.9421641954193594,1.1913130162438097
2023-07-25,0.9433091655060397,1.1945653642546523
2023-07-26,0.9520484425620301,1.1947489852021043
2023-07-27,0.9356136489889261,1.186827830468078
2023-07-28,0.9510776639603521,1.198447258364758
2023-07-31,0.9590109307019737,1.2007291528590753
2023-08-01,0.9541110017302393,1.197293183900781
2023-08-02,0.9575454881238907,1.180637867474022
2023-08-03,0.9560493577183723,1.1772543273389975
2023-08-04,0.9502861725637669,1.1719298801709226
2023-08-07,0.9507406353424661,1.1821591037888988
2023-08-08,0.9518710405331003,1.1770182775682758
2023-08-09,0.941714140189856,1.169149631701524
2023-08-10,0.947962254580287,1.169569302419698
2023-08-11,0.9513688397499146,1.1688873274971647
2023-08-14,0.9508564399537428,1.1753395946955796
2023-08-15,0.9372553424530996,1.1616482277296765
2023-08-16,0.9277356655379038,1.1531238613740287
2023-08-17,0.918441877805945,1.1443371908140216
2023-08-18,0.9238219428011945,1.1448879736123727
2023-08-21,0.9253389229493738,1.1523369487609503
2023-08-22,0.9188082597214401,1.1492157128302851
2023-08-23,0.9360889990721655,1.1620153895805752
2023-08-24,0.9266609040532939,1.1459109359961728
2023-08-25,0.9335036055617497,1.153989377200009
2023-08-28,0.9459391499938522,1.1613072402684095
2023-08-29,0.9548688280018864,1.1780936687753452
2023-08-30,0.9601700903268405,1.1829460164019765
2023-08-31,0.9615580601425743,1.1812149047060105
2023-09-01,0.9699415510144169,1.1834181159434205
2023-09-05,0.9589454143707707,1.1783034641124297
2023-09-06,0.9589410516610613,1.1703823894224081
2023-09-07,0.9601975580377878,1.1667890539502987
2023-09-08,0.9590613241047309,1.1685463400358973
2023-09-11,0.9603780036241159,1.176231444999202
2023-09-12,0.9600154460834555,1.1697790977567821
2023-09-13,0.9521431865270501,1.171143047601849
2023-09-14,0.9650886220213686,1.1812410790956431
2023-09-15,0.9601352609283906,1.1629071598401934
2023-09-18,0.963263532768704,1.1635891347627267
2023-09-19,0.9588518253426954,1.1611760481442273
2023-09-20,0.9551881532438696,1.1505009794184449
2023-09-21,0.9399893560823358,1.1314850852404614
2023-09-22,0.9390144416359629,1.128940886541785
2023-09-25,0.9413114163780907,1.1336882964778716
2023-09-26,0.9317751948006091,1.117032980051113
2023-09-27,0.937311099941868,1.1174788251589194
2023-09-28,0.9437962746752314,1.1239573467909716
2023-09-29,0.9396582131065078,1.1212296071888481
2023-10-02,0.9337301720824019,1.1207836820370365
2023-10-03,0.9165196307301293,1.1057807940493363
2023-10-04,0.9052907245271349,1.11383306086354
2023-10-05,0.9000609139445066,1.113413390145366
2023-10-06,0.9066775572554203,1.1266327376138303
2023-10-09,0.919300428363301,1.133845662991686
2023-10-10,0.9259363969824655,1.1397471473917495
2023-10-11,0.9237766881805584,1.1444158740709287
2023-10-12,0.9202469809421104,1.137438998463795
2023-10-13,0.9179087791361954,1.1317735638344533
2023-10-16,0.9228705360981251,1.1436814703251255
2023-10-17,0.9270330436422123,1.1436289614578505
2023-10-18,0.9190234783672436,1.1283900236994286
2023-10-19,0.9109240603888924,1.1184755331090817
2023-10-20,0.9042211436617401,1.1047316572759036
2023-10-23,0.9016394565825745,1.1028169246324855
2023-10-24,0.9033579294233081,1.1111314956510485
2023-10-25,0.8962630129442813,1.0951843285364558
2023-10-26,0.8882388222934217,1.082069918758536
2023-10-27,0.8868500116432475,1.077165142308635
2023-10-30,0.8925117995078466,1.0900435023158326
2023-10-31,0.8921383995104533,1.0968892658427891
2023-11-01,0.8934995662064026,1.1085872969523718
2023-11-02,0.8992437279042192,1.1298326568014023
2023-11-03,0.8985775610199657,1.140140563676286
2023-11-06,0.9005511384915597,1.14276344563187
2023-11-07,0.8949115772308253,1.1460157936427124
2023-11-08,0.8899964914607954,1.1468551350790603
2023-11-09,0.8879961998438883,1.1379110980052387
2023-11-10,0.892340393499627,1.1556679800287
2023-11-13,0.8960197965571699,1.1545664144319976
2023-11-14,0.9048080930836716,1.1769658487450054
2023-11-15,0.90493388668364,1.1794575385764072
2023-11-16,0.9017679111485813,1.1809001716783813
2023-11-17,0.9162943463355824,1.1823689791699883
2023-11-20,0.9228405187421048,1.1914703827576247
2023-11-21,0.9199802153513832,1.188873675191673
2023-11-22,0.9194879519610143,1.1934637186139447
2023-11-24,0.9178066915731568,1.1941981223597482
2023-11-27,0.9200148817630822,1.1920474199896132
2023-11-28,0.921860566761557,1.1932276688432228
2023-11-29,0.9239557205520946,1.1923883274068747
2023-11-30,0.9253467553859736,1.1970833085196912
2023-12-01,0.9385288867906866,1.20416512181737
2023-12-04,0.937912467682196,1.197843966699132
2023-12-05,0.9337073281783617,1.19760791692841
2023-12-06,0.9247785363144227,1.1927818237354162
2023-12-07,0.9265481297354733,1.2018832273230526
2023-12-08,0.932892721988083,1.207050307977313
2023-12-11,0.9306454446772581,1.2117452090461245
2023-12-12,0.9308436119480784,1.217279531595289
2023-12-13,0.9564855140066032,1.2340659601022248
2023-12-14,0.9716091136970714,1.2380265374692379
2023-12-15,0.9624075010305763,1.2309971529948291
2023-12-18,0.9616569035365767,1.237921599778693
2023-12-19,0.9731350471094248,1.2454492581841778
2023-12-20,0.9560932513379157,1.228190730135798
2023-12-21,0.9645182577284446,1.2398363324221109
2023-12-22,0.9666820400264806,1.2423280222535127
2023-12-26,0.9734838076935234,1.2475737861646805
2023-12-27,0.9763610976498541,1.2498295062693652
2023-12-28,0.9767529792481116,1.2503016058108092
2023-12-29,0.9648232424884813,1.2466820159050627
2024-01-02,0.9554239284512575,1.2397051402979287
2024-01-03,0.9349982707506027,1.2295808543704974
2024-01-04,0.9341425358245091,1.225620277003484
2024-01-05,0.9372076335788723,1.22729895987618
2024-01-08,0.9545172391504781,1.2448197921289195
2024-01-09,0.9441111428452396,1.2429313139191387
2024-01-10,0.9460676087412142,1.2499606183495424
2024-01-11,0.9429306641564489,1.2494098355511911
2024-01-12,0.9417904581419523,1.2502753513771718
2024-01-16,0.9332258298303242,1.2456853079549002
2024-01-17,0.9253268875128742,1.238760941215041
2024-01-18,0.9170903194459152,1.2497769974020905
2024-01-19,0.9253730700866319,1.2653569226217796
2024-01-22,0.9348786074689102,1.2680323134446383
2024-01-23,0.9297136866282105,1.2717305065632871
2024-01-24,0.9259975620717689,1.2731207108419915
2024-01-25,0.9311113383892444,1.2800450775818504
2024-01-26,0.9337832841501769,1.2784189035764293
2024-01-29,0.9426977382734594,1.2885431895038606
2024-01-30,0.9392794460973082,1.2875465615977029
2024-01-31,0.9236496547330232,1.2665372515193942
2024-02-01,0.9370052722280672,1.2831138846892458
2024-02-02,0.9359966819623168,1.2966217107517017
2024-02-05,0.9220319767946927,1.2919004752052476
2024-02-06,0.9247458568844344,1.2956512572351764
2024-02-07,0.9243216893159666,1.3064575180851412
2024-02-08,0.9314559782041746,1.3070345553171299
2024-02-09,0.934586716413713,1.3145884681562523
2024-02-12,0.9392228460490609,1.3140114309242636
2024-02-13,0.926082440815424,1.2959134813955306
2024-02-14,0.9321456667378246,1.3076902758060258
2024-02-15,0.9431429179290037,1.3167129961367547
2024-02-16,0.9371224113707177,1.310155791247795
2024-02-20,0.9345333711276672,1.3029428658699393
2024-02-21,0.9285550138014773,1.3041231147235488
2024-02-22,0.947857344074301,1.3311125924588285
2024-02-23,0.9534666110602328,1.332030617152084
2024-02-26,0.9576232889980926,1.3271520150918152
2024-02-27,0.9615201524738236,1.3296175305335847
2024-02-28,0.9595903980252383,1.3278602444479863
2024-02-29,0.9657464599722877,1.3326338287737052
2024-03-01,0.9720525315035682,1.3451449468859986
2024-03-04,0.9704911368971321,1.3437023938280295
2024-03-05,0.9670027293098368,1.3302732510224806
2024-03-06,0.9741063716406217,1.3370140768588923
2024-03-07,0.9777821448501889,1.3502858531506265
2024-03-08,0.974248893259697,1.3421811575131528
2024-03-11,0.9722424287206902,1.3410270830491753
2024-03-12,0.9752996793248341,1.3554530138488918
2024-03-13,0.9760174869015545,1.3533283257803794
2024-03-14,0.9682644321070384,1.3506530950455307
2024-03-15,0.9729158120347794,1.3372238721959768
2024-03-18,0.982462466668955,1.3451712013196357
2024-03-19,0.9808527506248983,1.3526465109458559
2024-03-20,0.9998409600592623,1.365157549014144
2024-03-21,1.0076061140550707,1.3696689892235137
2024-03-22,1.0043543247526288,1.3670723617015672
2024-03-25,1.01016786273498,1.3632954052820059
2024-03-26,1.0082185466970581,1.3607773809729617
2024-03-27,1.0102515471713458,1.372213107878185
2024-03-28,1.0074784019275524,1.3719508837178305
2024-04-01,1.0068589955159075,1.3695639714889634
2024-04-02,1.0001622266245973,1.3608561442738736
2024-04-03,1.0073878658313606,1.3623510461111077
2024-04-04,0.9972768210931003,1.3457220641619916
2024-04-05,1.006896938703503,1.3597806730227988
2024-04-08,1.0127242293712295,1.3605412511582344
2024-04-09,1.005480989698666,1.3621150763843908
2024-04-10,1.0090052404453134,1.3484760581977524
2024-04-11,1.0167796111307967,1.3586528529924589
2024-04-12,1.0131848945082638,1.339899263018835
2024-04-15,1.0025746530675261,1.323112834511899
2024-04-16,0.9988869923979173,1.3206997478933997
2024-04-17,0.9906019753476202,1.3128835308499178
2024-04-18,0.987395305694656,1.3101819656374267
2024-04-19,0.9802640227462545,1.2987462387322035
2024-04-22,0.9816147392298387,1.3107065740461457
2024-04-23,0.9926898428924855,1.3262602448321972
2024-04-24,0.9979526163373404,1.3256307787769386
2024-04-25,1.0056320923801834,1.3205948102028553
2024-04-26,1.0169327313656904,1.3331060083591535
2024-04-29,1.018232714348614,1.3378271638616026
2024-04-30,1.0005510733490661,1.3166343128798468
2024-05-01,0.9916905227553153,1.3123590024852043
2024-05-02,1.0038379831474453,1.324634070826776
2024-05-03,1.0135062394403416,1.3410533374828129
2024-05-06,1.028161526085296,1.3549021510065358
2024-05-07,1.025436835008963,1.3563972129317796
2024-05-08,1.0280591697257866,1.3565283250119569
2024-05-09,1.0360825053939475,1.3643444620114338
2024-05-10,1.0372948817692214,1.3661019081850423
2024-05-13,1.0325641319205296,1.3662853690444843
2024-05-14,1.0440090505938442,1.3725540953394524
2024-05-15,1.061231550464551,1.3895504792714828
2024-05-16,1.0495796790089733,1.386691467501172
2024-05-17,1.0567024089784995,1.3886848834014973
2024-05-20,1.0640316675613792,1.390284802973281
2024-05-21,1.0633164792783705,1.393694517497938
2024-05-22,1.0551694106437417,1.38968159135166
2024-05-23,1.0559261360538323,1.379531050990591
2024-05-24,1.0745708334369053,1.3886586289678595
2024-05-28,1.0802236976902504,1.3896290824843849
2024-05-29,1.0816149097371481,1.3798981327974849
2024-05-30,1.0807141564690657,1.3707443003865787
2024-05-31,1.071838222938514,1.3832292441092395
2024-06-03,1.0643106987730173,1.3843570641395795
2024-06-04,1.0519964352364817,1.3859046349320985
2024-06-05,1.0704498681779753,1.4023762503674
2024-06-06,1.0616000168003894,1.4023499959337626
2024-06-07,1.0464463939120527,1.4006452187154392
2024-06-10,1.0580543655184693,1.4049728778893469
2024-06-11,1.0549936923251375,1.4083564980683765
2024-06-12,1.0659515036739104,1.419923337053777
2024-06-13,1.0590254468395832,1.4227823488240878
2024-06-14,1.0523106832985596,1.4236479446940733
2024-06-17,1.0440238190870288,1.434978653864747
2024-06-18,1.048416318965653,1.4386244982041312
2024-06-20,1.0470870744027303,1.4347164297043926
2024-06-21,1.040105551990492,1.4281854792490702
2024-06-24,1.0346691005123916,1.4235429269595237
2024-06-25,1.041586975697181,1.4290248206854186
2024-06-26,1.0323195276631374,1.4308083612046545
2024-06-27,1.0299976589991653,1.4330640012653344
2024-06-28,1.0277502812313872,1.4274247410256249
2024-07-01,1.0341828824127828,1.430362516096848
2024-07-02,1.033987618209894,1.439988448049198
2024-07-03,1.0404634588729964,1.4464145408579805
2024-07-05,1.0435315031697865,1.454755286266176
2024-07-08,1.0401558143056098,1.4564339691388721
2024-07-09,1.0388439574655093,1.4578502677632037
2024-07-10,1.0396377574701032,1.472276118518915
2024-07-11,1.044188592805947,1.4595812994151647
2024-07-12,1.0474105238117917,1.4687876406933456
2024-07-15,1.0448819994448808,1.4728269813612709
2024-07-16,1.05460706846705,1.4815610630099982
2024-07-17,1.0404795979940418,1.4607878827464167
2024-07-18,1.0272584805767564,1.4495618711342728
2024-07-19,1.0212262164844383,1.4399359391819226
2024-07-22,1.0277250361927601,1.4547815406998132
2024-07-23,1.030422391941185,1.4524996462054962
2024-07-24,1.008380031932655,1.4195823495925102
2024-07-25,1.0107386369555624,1.4121858032672023
2024-07-26,1.0221696498531663,1.428001858301618
2024-07-29,1.0223399344484554,1.428841199737966
2024-07-30,1.014549725548008,1.4216020199264727
2024-07-31,1.0333189768150202,1.4447096035516465
2024-08-01,1.0105689306657366,1.424251156315694
2024-08-02,0.9934077176173034,1.3977338581658634
2024-08-05,0.971851830005621,1.3570266789870382
2024-08-06,1.0079962100958928,1.3695378771433364
2024-08-07,1.013838028477933,1.3603838846444205
2024-08-08,1.0211217175088836,1.3918323737657998
2024-08-09,1.0224707181272656,1.3979698278925807
2024-08-12,1.015116247445263,1.3987043116823887
2024-08-13,1.0248948985229334,1.421706877573013
2024-08-14,1.0252035065897227,1.426192063348745
2024-08-15,1.0309567490792335,1.4506373423853482
2024-08-16,1.0370518476511017,1.4538896903961906
2024-08-19,1.0395147136456206,1.4677909327431833
2024-08-20,1.0391091794028342,1.4654041806023264
2024-08-21,1.0425606074298237,1.4704400691324047
2024-08-22,1.0374840824141625,1.4588993244926316
2024-08-23,1.0474432895095784,1.474400646499418
2024-08-26,1.0487185322293353,1.4708859142402109
2024-08-27,1.045332220358724,1.4729055845741736
2024-08-28,1.045784971351288,1.4643549637848887
2024-08-29,1.0438866027470468,1.464486075865066
2024-08-30,1.0465691050204797,1.4784660815129709
2024-09-03,1.0233538661852604,1.4480407148634016
2024-09-04,1.0329835718691227,1.445076845446551
2024-09-05,1.0311143279473032,1.4415621131873442
2024-09-06,1.0186930762389894,1.4173004550981931
2024-09-09,1.0280692497268968,1.4331688589118736
2024-09-10,1.0200641469370193,1.439411330773204
2024-09-11,1.0308431349684477,1.454178168990182
2024-09-12,1.0522493944940043,1.4664271429861262
2024-09-13,1.066353269647558,1.4740859134717883
2024-09-16,1.0743296318145887,1.476262950319566
2024-09-17,1.075033830226047,1.476866161941187
2024-09-18,1.0785846811442614,1.4724859939000048
2024-09-19,1.091598051883744,1.4976130877711311
2024-09-20,1.094305467408895,1.4904526712605501
2024-09-23,1.1064558216999507,1.4941771188128365
2024-09-24,1.1130385801134193,1.498452429207479
2024-09-25,1.1118982373622697,1.495147572329362
2024-09-26,1.108861904401549,1.501075311163063
2024-09-27,1.1079041003919405,1.4988982743152857
2024-09-30,1.098461260496153,1.5049047764498993
2024-10-01,1.0969218315331584,1.4914231247770755
2024-10-02,1.1055564210931532,1.4920525908323339
2024-10-03,1.1106725310584773,1.4893248512302102
2024-10-04,1.118174870913213,1.5028588516822987
2024-10-07,1.11002159924081,1.4892723423629355
2024-10-08,1.115100131493934,1.5033572056573803
2024-10-09,1.1152410561934634,1.5137701302668134
2024-10-10,1.115411743502154,1.511120993877592
2024-10-11,1.1110048978851819,1.5201699686419585
2024-10-14,1.1164943832678054,1.5326024034973444
2024-10-15,1.1096116871384976,1.5206945770506772
2024-10-16,1.130488454993167,1.5273041307189017
2024-10-17,1.1179474570350691,1.527435242799079
2024-10-18,1.1246445445439157,1.533310632853515
2024-10-21,1.1272120318324035,1.530792608544471
2024-10-22,1.123596852922053,1.5299795215417604
2024-10-23,1.1217862671164491,1.5159995158938553
2024-10-24,1.1310028441775954,1.5192781183383355
2024-10-25,1.1328336282132745,1.5187535099296168
2024-10-28,1.1354033133250145,1.5234485710864383
2024-10-29,1.142475185442109,1.5259140865282073
2024-10-30,1.1364012226324218,1.521297788672298
2024-10-31,1.1141410016646947,1.4914756336443502
2024-11-01,1.1150519284213685,1.4977704542849453
2024-11-04,1.1103742074683018,1.4945443607077404
2024-11-05,1.1360712843370016,1.5126160558028359
2024-11-06,1.1795996379424667,1.5502280933966233
2024-11-07,1.217619756859703,1.562214683144203
2024-11-08,1.2330411028766854,1.5689817634142522
2024-11-11,1.248360588860799,1.5704768253394965
2024-11-12,1.2325555215578123,1.565598303323233
2024-11-13,1.2188660097300832,1.5663588814586689
2024-11-14,1.204797116019582,1.5562869443105023
2024-11-15,1.2067667943800777,1.5363531054832686
2024-11-18,1.224947457232687,1.5426480862118739
2024-11-19,1.2444231853379968,1.5482871863635734
2024-11-20,1.2433653198288084,1.5488117947722921
2024-11-21,1.2488977734918427,1.5571262857468502
2024-11-22,1.2738277784839638,1.561952458983849
2024-11-25,1.273285729307255,1.5672507317622917
2024-11-26,1.274082104505395,1.5754341106566725
2024-11-27,1.2687139931501838,1.5706604462869485
2024-11-29,1.2815671300776248,1.5804174903194759
2024-12-02,1.2800465519775668,1.5832502476561494
2024-12-03,1.2999560984183034,1.5839845713579475
2024-12-04,1.3232801898184372,1.593820378691387
2024-12-05,1.3221135037096106,1.591197496735803
2024-12-06,1.3461559733346333,1.5942138750199284
2024-12-09,1.3034121176443914,1.58600424169191
2024-12-10,1.2835641207764517,1.5810732108083716
2024-12-11,1.3067983804716812,1.5932959303706782
2024-12-12,1.2900057454576197,1.5850862970426598
2024-12-13,1.28763697371192,1.5847715640150306
2024-12-16,1.2997228625591466,1.59153848419707
2024-12-17,1.2847707805577044,1.5849812793081104
2024-12-18,1.2253909054356893,1.5377433097619728
2024-12-19,1.220182926242957,1.5372710501325189
2024-12-20,1.2374177664037471,1.5505167320786255
2024-12-23,1.2322389735584331,1.559801676569709
2024-12-24,1.2425786273096824,1.577138887874996
2024-12-26,1.2470206552722767,1.5772439056095455
2024-12-27,1.2198594821038073,1.5606410180060566
2024-12-30,1.2068312448204184,1.5428315470713159
2024-12-31,1.196492433005339,1.537218701353254
2025-01-02,1.2062420528084443,1.5334417449336926
2025-01-03,1.219227484190972,1.5526150056254906
2025-01-06,1.2351608349648204,1.5615589626553072
2025-01-07,1.2198932078887208,1.5439070183223909
2025-01-08,1.2135609628561044,1.5461626583830708
2025-01-10,1.212770941689247,1.5225567207828155
2025-01-13,1.2055616312348216,1.5249173785780448
2025-01-14,1.2023571238630135,1.5270156521249099
2025-01-15,1.2154915967914486,1.5547920424732677
2025-01-16,1.2229109962608538,1.5518019186227796
2025-01-17,1.2280350101879718,1.5673818438424683
2025-01-21,1.2505509591839155,1.5817289312972675
2025-01-22,1.2557061457830887,1.5906205395478192
2025-01-23,1.2597374220212976,1.5993022724172816
2025-01-24,1.2649816345954246,1.5946334656940977
2025-01-27,1.2063330434907311,1.5720767449112802
2025-01-28,1.2288744046040003,1.5855846510177412
2025-01-29,1.240189791687584,1.5784765832864252
2025-01-30,1.2640550687186454,1.586948440774798
2025-01-31,1.2503685778183296,1.578502837720063
2025-02-03,1.2451188417728682,1.5678801978175503
2025-02-04,1.2705743029089869,1.5783979800735233
2025-02-05,1.278099746852955,1.5847976583606587
2025-02-06,1.2736128518841245,1.590305806520191
2025-02-07,1.2461351852578706,1.5757488436843021
2025-02-10,1.2682814975220762,1.5864500867997173
2025-02-11,1.2490031686488148,1.5876566701309696
2025-02-12,1.2524933492380756,1.582542018299979
2025-02-13,1.3224793471594882,1.5992497635500074
2025-02-14,1.3250227919163016,1.5991711603371053
2025-02-18,1.3186701232075657,1.6038660614059168
2025-02-19,1.3088081009631485,1.6076430178254781
2025-02-20,1.2966705191536017,1.6009547008563412
2025-02-21,1.2690372816243356,1.573571806836525
2025-02-24,1.2697578108493044,1.5664113903259438
2025-02-25,1.2583250942556297,1.5586213476720947
2025-02-26,1.2680274931967406,1.5594081802411677
2025-02-27,1.2442719974446728,1.534517056096758
2025-02-28,1.2519221275844423,1.55846398115828
2025-03-03,1.2295573108934283,1.531159850439376
2025-03-04,1.2132208114720913,1.5130356464770056
2025-03-05,1.2342177927017555,1.529297546619228
2025-03-06,1.200746349347488,1.5021507824141385
2025-03-07,1.194594422429957,1.5105701310352364
2025-03-10,1.1442479091378603,1.4703352114858648
2025-03-11,1.1500452284413747,1.4581124919235584
2025-03-12,1.1567093225667282,1.465850025710133
2025-03-13,1.1466307949063008,1.446309523123431
2025-03-14,1.1642011081731782,1.476184187018654
2025-03-17,1.172422718547142,1.4875675651446125
2025-03-18,1.1630615501455464,1.4714892859498425
2025-03-19,1.1635653405302806,1.4875150562773378
2025-03-20,1.1602834754729279,1.4832134914490578
2025-03-21,1.1588552626213633,1.4792529140820445
2025-03-24,1.1554398293836865,1.505744117886248
2025-03-25,1.1581584741388398,1.5093637077919944
2025-03-26,1.1595133629342724,1.4913445215641739
2025-03-27,1.1596367019618317,1.4873839441971606
2025-03-28,1.161507623808174,1.4574305170010253
2025-03-31,1.1644829546418822,1.4672139755551998
2025-04-01,1.1633278994575826,1.4713580137816555
2025-04-02,1.1693021476013261,1.4806693727943863
2025-04-03,1.1565721070246884,1.407700777579481
2025-04-04,1.1277763664205145,1.3252897913156727
2025-04-07,1.125097179134685,1.3229292135644481
2025-04-08,1.119436525695705,1.302208462124136
2025-04-09,1.1413339639679019,1.438965485665398
2025-04-10,1.1345919053295022,1.3759114610848446
2025-04-11,1.1372719153170516,1.4004615977679875
2025-04-14,1.140243810975862,1.414048107087351
2025-04-15,1.140243810975862,1.4100875297203377
2025-04-16,1.140243810975862,1.378744058333508
2025-04-17,1.140243810975862,1.3807112198001958
2025-04-21,1.140243810975862,1.347846592142495
2025-04-22,1.140243810975862,1.3829145110816108
2025-04-23,1.140243810975862,1.4043434118340885
2025-04-24,1.140243810975862,1.4339033427016823
2025-04-25,1.140243810975862,1.4442637584438407
2025-04-28,1.140243810975862,1.444814461198187
2025-04-29,1.140243810975862,1.4539159448298284
2025-04-30,1.140243810975862,1.4544929020178123
2025-05-01,1.140243810975862,1.4648008088926958
2025-05-02,1.140243810975862,1.486544602760813
2025-05-05,1.140243810975862,1.478020236405165
2025-05-06,1.140243810975862,1.4656664047626813
2025-05-07,1.140243810975862,1.4718302734111093
2025-05-08,1.140243810975862,1.482085671418718
2025-05-09,1.140243810975862,1.4801972732529423
2025-05-12,1.140243810975862,1.5291139256717758
2025-05-13,1.140243810975862,1.5392121172535798
2025-05-14,1.140243810975862,1.5411792787202678
2025-05-15,1.140243810975862,1.5487069371257527
2025-05-16,1.140243810975862,1.558516490025555
2025-05-19,1.140243810975862,1.5602212672438787
2025-05-20,1.140243810975862,1.5549755033327106
2025-05-21,1.140243810975862,1.5287729382105093
2025-05-22,1.140243810975862,1.5293763099201403
2025-05-23,1.140243810975862,1.5189371308770696
2025-05-27,1.140243810975862,1.5505167320786262
2025-05-28,1.140243810975862,1.5415463605271622
2025-05-29,1.140243810975862,1.5476314658746781
2025-05-30,1.140243810975862,1.5459004342227172
2025-06-02,1.140243810975862,1.5546084215258171
2025-06-03,1.140243810975862,1.5634737753427317
2025-06-04,1.140243810975862,1.5630540245805526
2025-06-05,1.140243810975862,1.55550011174143
2025-06-06,1.140243810975862,1.5714735332896603
2025-06-09,1.140243810975862,1.572889831913992
2025-06-10,1.140243810975862,1.5818076945981812
2025-06-11,1.140243810975862,1.5772962543888116
2025-06-12,1.140243810975862,1.5835649806837795
2025-06-13,1.140243810975862,1.5658605274835882
2025-06-16,1.140243810975862,1.5807584777807435
2025-06-17,1.140243810975862,1.5672507317622926
2025-06-18,1.140243810975862,1.5670146019475655
2025-06-20,1.140243810975862,1.5587263654066448
2025-06-23,1.140243810975862,1.5741226696788817
2025-06-24,1.140243810975862,1.5915123898514438
2025-06-25,1.140243810975862,1.5924040800670565
2025-06-26,1.140243810975862,1.6048627693560802
2025-06-27,1.140243810975862,1.6128362728693717
2025-06-30,1.140243810975862,1.6205475522223087
2025-07-01,1.140243810975862,1.6200231039015998
2025-07-02,1.140243810975862,1.6273671413596327
2025-07-03,1.140243810975862,1.6401930725435603
2025-07-07,1.140243810975862,1.6279703529812537
2025-07-08,1.140243810975862,1.6270786627656406
2025-07-09,1.140243810975862,1.636835706798168
2025-07-10,1.140243810975862,1.6414520046540773
2025-07-11,1.140243810975862,1.6356816323341907
2025-07-14,1.140243810975862,1.6388028682648559
2025-07-15,1.140243810975862,1.6317998182680895
2025-07-16,1.140243810975862,1.6372552974723371
2025-07-17,1.140243810975862,1.6472747257532288
2025-07-18,1.140243810975862,1.6460683025099865
2025-07-21,1.140243810975862,1.6491895384406519
2025-07-22,1.140243810975862,1.6494255081673688
2025-07-23,1.140243810975862,1.6634580226825484
2025-07-24,1.140243810975862,1.6640087254368947
2025-07-25,1.140243810975862,1.6710380298672984
2025-07-28,1.140243810975862,1.6706184391931294
2025-07-29,1.140243810975862,1.6662120167183094
2025-07-30,1.140243810975862,1.6641137431714446
2025-07-31,1.140243810975862,1.657871271310114
2025-08-01,1.140243810975862,1.6306980925833772
2025-08-04,1.140243810975862,1.6554843590812471
2025-08-05,1.140243810975862,1.6470911048057766
2025-08-06,1.140243810975862,1.6597073206966249
2025-08-07,1.140243810975862,1.6583171164179205
2025-08-08,1.140243810975862,1.671247905248388
2025-08-11,1.140243810975862,1.6679430483702709
2025-08-12,1.140243810975862,1.6857000104377369
2025-08-13,1.140243810975862,1.6914703827576236
2025-08-14,1.140243810975862,1.6916277492714382
2025-08-15,1.140243810975862,1.687667171904425
2025-08-18,1.140243810975862,1.6872999300095206
2025-08-19,1.140243810975862,1.6781460975986142
2025-08-20,1.140243810975862,1.6736871662565198
2025-08-21,1.140243810975862,1.6669725948537453
2025-08-22,1.140243810975862,1.6925719483543258
2025-08-25,1.140243810975862,1.6851228931617432
2025-08-26,1.140243810975862,1.6921784520257843
2025-08-27,1.140243810975862,1.6960341717462577
2025-08-28,1.140243810975862,1.7020405137928611
2025-08-29,1.140243810975862,1.691889973431792
2025-09-02,1.140243810975862,1.6793526809298662
2025-09-03,1.140243810975862,1.6884540044734975
2025-09-04,1.140243810975862,1.7025651222015799
2025-09-05,1.140243810975862,1.6976340913180414
2025-09-08,1.140243810975862,1.7018045440661442
2025-09-09,1.140243810975862,1.70573886699952
2025-09-10,1.140243810975862,1.7106698978830583
2025-09-11,1.140243810975862,1.7248858732576804
2025-09-12,1.140243810975862,1.7243087559816868
2025-09-15,1.140243810975862,1.7334888428262305
2025-09-16,1.140243810975862,1.7311020906853736
2025-09-17,1.140243810975862,1.7289513082712336
2025-09-18,1.140243810975862,1.7370298295190747
2025-09-19,1.140243810975862,1.7408067859386356
2025-09-22,1.140243810975862,1.7490426737002913
2025-09-23,1.140243810975862,1.739521599394481
2025-09-24,1.140243810975862,1.7339871968013112
2025-09-25,1.140243810975862,1.7259874388543823
2025-09-26,1.140243810975862,1.7358757550550972
2025-09-29,1.140243810975862,1.7407542770713607
2025-09-30,1.140243810975862,1.7473114819603202
2025-10-01,1.140243810975862,1.7532654752276589
2025-10-02,1.140243810975862,1.7552849854736117
2025-10-03,1.140243810975862,1.755258891127984
2025-10-06,1.140243810975862,1.7615537117685791
2025-10-07,1.140243810975862,1.755022761313257
2025-10-08,1.140243810975862,1.765488034701955
2025-10-09,1.140243810975862,1.7603733828709647
2025-10-10,1.140243810975862,1.7127944258635603
2025-10-13,1.140243810975862,1.7390755941986642
2025-10-14,1.140243810975862,1.7369510662181615
2025-10-15,1.140243810975862,1.7446623455710986
2025-10-16,1.140243810975862,1.7327807735580687
2025-10-17,1.140243810975862,1.7426165808915082
2025-10-20,1.1375816505757148,1.7607406247658686
2025-10-21,1.1329712972770183,1.760714370332231
2025-10-22,1.1295580343242375,1.7515605379213248
2025-10-23,1.1362152216227903,1.7619472080971206
2025-10-24,1.1368743786041167,1.7763468044191943
2025-10-27,1.1403531832372744,1.797303605630228
2025-10-28,1.129743755703404,1.8020772699999519
2025-10-29,1.1230358223392787,1.8029428658699376
2025-10-30,1.1198168132509172,1.7831138846892436
2025-10-31,1.1241143868529997,1.7889628602220324
2025-11-03,1.1161728119608736,1.7923202259674247
2025-11-04,1.0875799427620572,1.771074786074389
2025-11-05,1.1037301835458502,1.7772124002891796
2025-11-06,1.0828285300470253,1.7581439972439215
2025-11-07,1.0872310692385776,1.7598750288958824
2025-11-10,1.1027424714407932,1.7873366862166111
2025-11-11,1.1014426057207312,1.7914283756638019
2025-11-12,1.0942920295467595,1.7924250836139644
2025-11-13,1.0802664163619915,1.7626815317989186
2025-11-14,1.077289143195484,1.762393053204927
2025-11-17,1.0585221408774588,1.7459737865488902
2025-11-18,1.0551932606893333,1.731311966066462
2025-11-19,1.053498325084534,1.738000283035599
2025-11-20,1.0405400515978267,1.7115092393194056
2025-11-21,1.0502524509758155,1.728557972030701
2025-11-24,1.0626959048842162,1.753999798929457
2025-11-25,1.0710466573239192,1.7704978288864057
2025-11-26,1.0801325091518825,1.7827203883607023
2025-11-28,1.0907894908560558,1.7924513380476024
2025-12-01,1.080086611096174,1.7842679591532216
2025-12-02,1.0692061719422867,1.7875728160313389
2025-12-03,1.0730504800047413,1.7937627790253947
2025-12-04,1.06947489866352,1.7950742200031864
2025-12-05,1.074097588446705,1.7984839345278436
2025-12-08,1.0741769982123113,1.7930808041028612
2025-12-09,1.079271575583014,1.7915332333103422
2025-12-10,1.0955390976063148,1.803414965411382
2025-12-11,1.1048668423366423,1.8076115125051122
2025-12-12,1.0985215897649765,1.7881760276529597
2025-12-15,1.105358027642358,1.7854743823964634
2025-12-16,1.0826755479071661,1.7805958603801997
2025-12-17,1.0832885073977905,1.761003009014233
2025-12-18,1.0871725392874847,1.7743008796515944
2025-12-19,1.095471513550592,1.7851073005895695
2025-12-22,1.1026168521294863,1.7962282944671633
2025-12-23,1.105959704245261,1.8044379277951816
2025-12-24,1.109952114950854,1.810785257303052
2025-12-26,1.1143974042900815,1.8106016363556
2025-12-29,1.1068145333137447,1.8041492891131798
2025-12-30,1.102667679096781,1.8019461579197749
2025-12-31,1.0874530742003097,1.7885956183271283
2026-01-02,1.1010143102000263,1.7918742207716083
2026-01-05,1.1141640394721555,1.803808301651913
2026-01-06,1.156838413085528,1.8145359592889756
2026-01-07,1.1397877511370185,1.8086869837561868
2026-01-08,1.140159199618296,1.8085033628087348
2026-01-09,1.1514803216319818,1.8204636981226767
2026-01-12,1.1475264400184149,1.8233225498049779
2026-01-13,1.1599161595669631,1.8196768655536038
2026-01-14,1.1657086092613294,1.8107327484357771
2026-01-15,1.1657086092613294,1.8156637793193158
2026-01-16,1.1657086092613294,1.8141424629604344
2026-01-20,1.1657086092613294,1.7772124002891803
2026-01-21,1.1657086092613294,1.7977233563924078
2026-01-22,1.1657086092613294,1.8071131585300308
2026-01-23,1.1657086092613294,1.807768879018927
2026-01-26,1.1657086092613294,1.8169489658634708
2026-01-27,1.1657086092613294,1.8241881456749638
2026-01-28,1.1657086092613294,1.8240045247275118
2026-01-29,1.1657086092613294,1.820384934821765
2026-01-30,1.1657086092613294,1.8149555499631451
2026-02-02,1.1657086092613294,1.8239782702938743
2026-02-03,1.1657086092613294,1.8085558716760102
2026-02-04,1.1657086092613294,1.7997953755056355
2026-02-05,1.1657086092613294,1.7773172579357202
2026-02-06,1.1657086092613294,1.811414723358311
2026-02-09,1.1657086092613294,1.820148965095048
2026-02-10,1.1657086092613294,1.8153490462916868
2026-02-11,1.1657086092613294,1.8149294556175175
2026-02-12,1.1657086092613294,1.7868908411088054
2026-02-13,1.1657086092613294,1.7881497732193226
2026-02-17,1.1657086092613294,1.7910348793352604
2026-02-18,1.1657086092613294,1.8000575996659893
2026-02-19,1.1657086092613294,1.795310189729903
2026-02-20,1.1657086092613294,1.8082934874276455
2026-02-23,1.1657086092613294,1.7898284560920183
2026-02-24,1.1657086092613294,1.802837848135388
2026-02-25,1.1657086092613294,1.8180506915481827
2026-02-26,1.1657086092613294,1.8079524999663785
2026-02-27,1.1657086092613294,1.7992707670969161
2026-03-02,1.1657086092613294,1.8002937294807164
2026-03-03,1.1657086092613294,1.784425325667036
2026-03-04,1.1657086092613294,1.7970151270362364
2026-03-05,1.1657086092613294,1.7869956987553448
2026-03-06,1.1657086092613294,1.7635733821025419
2026-03-09,1.1657086092613294,1.7790221952420535
2026-03-10,1.1657086092613294,1.7761631834717426
2026-03-11,1.1657086092613294,1.7739337978447003
2026-03-12,1.1657086092613294,1.7469967489326903
2026-03-13,1.1657086092613294,1.7371084327319757
2026-03-16,1.1657086092613294,1.7547867915865396
2026-03-17,1.1657086092613294,1.7594029293544389
2026-03-18,1.1657086092613294,1.734852792671296
2026-03-19,1.1657086092613294,1.7305774822766535
2026-03-20,1.1657086092613294,1.7011225691436096
2026-03-23,1.1657086092613294,1.7189843888576155
2026-03-24,1.1657086092613294,1.713214016537729
2026-03-25,1.1657086092613294,1.7227613452771766
2026-03-26,1.1657086092613294,1.6919949911663406
2026-03-27,1.1657086092613294,1.6631432896549176
2026-03-30,1.1657086092613294,1.6575826326281105
2026-03-31,1.1657086092613294,1.705765121433156
2026-04-01,1.1657086092613294,1.7186171469627112
2026-04-02,1.1657086092613294,1.7201647177552302
2026-04-06,1.1657086092613294,1.7282955877823363
2026-04-07,1.1657086092613294,1.729056165917772
2026-04-08,1.1657086092613294,1.7730944564083522
2026-04-09,1.1657086092613294,1.7833235999823231
2026-04-10,1.1657086092613294,1.7821434311727185
2026-04-13,1.1657086092613294,1.7995592456909077
2026-04-14,1.1657086092613294,1.8214866605064766
2026-04-15,1.1657086092613294,1.835860002394913
2026-04-16,1.1657086092613294,1.8403712825162724
